repo,developer,commit,addition,deletion,days_since_last_commit,days_first_to_last_commit,author
clojure/clojure,Rich Hickey,3.5626184621303096,3.592417446369206,3.592417446369206,-1.0885123083578288,2.619796893319728,1
clojure/clojure,Stuart Halloway,0.13733185667288897,0.10775087065133658,0.10775087065133658,-1.0793712913242561,1.1545741965464897,1
clojure/clojure,Tom Faulhaber,0.08708849447549058,-0.30507570675158974,-0.30507570675158974,0.8640089300132852,-0.3560912829431022,0
clojure/clojure,Hudson @ build.clojure.org,-0.0745640621596173,-0.21618551203129088,-0.21618551203129088,-1.0848559015444,0.4594224393179457,0
clojure/clojure,Alex Miller,-0.22529414875181253,-0.1537914330449273,-0.1537914330449273,-1.0848559015444,0.5748716710838172,0
clojure/clojure,Christophe Grand,-0.28427548698354105,-0.27088717032070553,-0.27088717032070553,0.07422505831260984,0.33046319106883437,0
clojure/clojure,Andy Fingerhut,-0.3126739090951141,-0.27345131055302185,-0.27345131055302185,-1.0793712913242561,-0.07729367006168958,0
clojure/clojure,Stuart Sierra,-0.3279653671551918,-0.27345131055302185,-0.27345131055302185,0.04680200721189189,0.280107675085848,0
clojure/clojure,Chouser,-0.34107233120668706,-0.31020398721622233,-0.31020398721622233,1.364936663453065,-0.4850505311922137,0
clojure/clojure,Nicola Mometto,-0.36291727129251244,-0.30849456039467815,-0.30849456039467815,-1.0793712913242561,-1.1666922719375175,0
clojure/clojure,fogus,-0.36291727129251244,-0.3110587006269945,-0.3110587006269945,0.09799170259989863,-0.1251928194113596,0
clojure/clojure,Ben Smith-Mannschott,-0.36947075331826007,-0.3170416945023992,-0.3170416945023992,1.1601778819010382,-0.8387673263897767,0
clojure/clojure,Chas Emerick,-0.36947075331826007,-0.306785133573134,-0.306785133573134,0.7744269630842733,-0.08466276996163884,0
clojure/clojure,Alexander Taggart,-0.37820872935259026,-0.3213152615562597,-0.3213152615562597,1.339341815759062,-1.0831758064047594,0
clojure/clojure,Tassilo Horn,-0.37820872935259026,-0.33242653589629706,-0.33242653589629706,0.7744269630842733,-1.2023095881206052,0
composer/composer,Jordi Boggiano,7.303384853368624,7.283535059556964,7.283535059556964,-1.4811666593586903,2.6367722705439323,0
composer/composer,Nils Adermann,1.0935564175569157,1.1305884589591269,1.1305884589591269,-1.4327680698244978,2.6196696126862586,0
composer/composer,Igor Wiedler,0.09592038948817244,0.15257659882281494,0.15257659882281494,-0.2760417799572976,1.2706974741622468,0
composer/composer,Rob Bast,0.05424368857668447,0.177979504280901,0.177979504280901,-1.4666470824984323,-0.2300607528486192,0
composer/composer,till,-0.005666568983579496,-0.0651625908179224,-0.0651625908179224,0.6314317738088113,0.08633841751834397,0
composer/composer,Martin HasoÃÂ,-0.06297203273687545,-0.22120901006045085,-0.22120901006045085,-0.00016981961240056636,-0.7538296497398759,0
composer/composer,Beau Simensen,-0.06818162035081143,0.018304098544360225,0.018304098544360225,-0.00016981961240056636,0.8003743830762203,0
composer/composer,FranÃÂ§ois Pluchino,-0.09683435222745944,-0.22120901006045085,-0.22120901006045085,-0.00016981961240056636,-0.7538296497398759,0
composer/composer,Christophe Coevoet,-0.10204393984139543,-0.12866985446313747,-0.12866985446313747,-1.4811666593586903,2.145070857135814,0
composer/composer,everzet,-0.10725352745533143,0.03644903101442168,0.03644903101442168,1.9527132680922659,-0.7324513274177837,0
composer/composer,digitalkaoz,-0.10985832126229941,-0.05427563133588553,-0.05427563133588553,1.546165116005049,-0.5357707620545363,0
composer/composer,PÃÂ¡draic Brady,-0.11767270268320343,-0.22120901006045085,-0.22120901006045085,-0.00016981961240056636,-0.7538296497398759,0
composer/composer,Chris Smith,-0.1202774964901714,-0.15225826667421735,-0.15225826667421735,-0.8229458416936726,1.1488410369263218,0
composer/composer,Andreas Hennings,-0.14372064075288338,-0.11233941524008219,-0.11233941524008219,-0.12116629344788175,-0.35405502231675345,0
composer/composer,Alexey Prilipko,-0.15413981598075538,-0.06334809757091626,-0.06334809757091626,1.2678732261834422,-0.6811433538447627,0
composer/composer,Clark Stuth,-0.15413981598075538,-0.12141188147511289,-0.12141188147511289,-0.23974283780665326,-0.7303134951855745,0
composer/composer,Benjamin Eberlei,-0.1567446097877234,-0.11052492199307602,-0.11052492199307602,0.6798303633430037,0.573764166462044,0
composer/composer,matt-whittom,-0.16195419740165937,-0.10871042874606988,-0.10871042874606988,-0.053408268100012375,-0.48660062071372445,0
composer/composer,Henrique Moody,-0.16455899120862738,-0.1903626248613464,-0.1903626248613464,1.623602859259757,-0.7474161530432483,0
composer/composer,Justin Rainbow,-0.16455899120862738,-0.17947566537930953,-0.17947566537930953,1.6308626476898855,-0.6725920249159258,0
composer/composer,Sandy Pleyte,-0.16455899120862738,-0.17221769239128495,-0.17221769239128495,-0.23490297885323402,-0.6811433538447627,0
composer/composer,Per Bernhardt,-0.16716378501559537,-0.1776611721323034,-0.1776611721323034,1.5606846928653069,-0.48873845294593365,0
composer/composer,Ryan Weaver,-0.16716378501559537,-0.16495971940326037,-0.16495971940326037,-0.6535507783239989,1.58709664452921,0
composer/composer,Kirill chEbba Chebunin,-0.16976857882256338,-0.16858870589727268,-0.16858870589727268,1.158976399731509,-0.01841536185990738,0
composer/composer,Johannes M. Schmitt,-0.17237337262953137,-0.18491914512032798,-0.18491914512032798,1.0670190796165433,-0.4694979628560508,0
composer/composer,Matthias Pigulla,-0.17237337262953137,-0.15225826667421735,-0.15225826667421735,-0.7285685921019972,1.4673780395254943,0
composer/composer,Serge Smertin,-0.17237337262953137,-0.17584667888529723,-0.17584667888529723,0.580613254797909,-0.7025216761668548,0
composer/composer,Hugo Hamon,-0.17497816643649938,-0.19762059784937097,-0.19762059784937097,-1.2294939937808895,1.8393608479298966,0
composer/composer,nevvermind,-0.17497816643649938,-0.1504437734272112,-0.1504437734272112,-1.3045118075588877,-0.7281756629533653,0
composer/composer,Andreas MoÃÂller,-0.17758296024346737,-0.22120901006045085,-0.22120901006045085,-0.00016981961240056636,-0.7538296497398759,0
composer/composer,Fabien Potencier,-0.17758296024346737,-0.18673363836733411,-0.18673363836733411,-0.32202044001478053,1.1958733460349245,0
composer/composer,Joshua Estes,-0.17758296024346737,-0.19217711810835256,-0.19217711810835256,1.0621792206631242,-0.7495539852754575,0
composer/composer,Kocsis MÃÂ¡tÃÂ©,-0.17758296024346737,-0.22120901006045085,-0.22120901006045085,-0.00016981961240056636,-0.7538296497398759,0
composer/composer,Mateusz Heleniak,-0.17758296024346737,-0.18854813161434025,-0.18854813161434025,1.0718589385699626,-0.3455036933879166,0
composer/composer,Matthieu Moquet,-0.17758296024346737,-0.10326694900505146,-0.10326694900505146,0.6362716327622304,-0.7538296497398759,0
composer/composer,mwhittom,-0.17758296024346737,-0.1613307329092481,-0.1613307329092481,0.033709193061534276,-0.5635625810732561,0
composer/composer,Nicolas Toniazzi,-0.18018775405043536,-0.20487857083739555,-0.20487857083739555,-1.410988704534111,-0.1552366247212969,0
composer/composer,Robert SchÃÂ¶nthal,-0.18018775405043536,-0.22120901006045085,-0.22120901006045085,-0.00016981961240056636,-0.7538296497398759,0
composer/composer,SofHad,-0.18018775405043536,-0.1994350910963771,-0.1994350910963771,-0.9923409050633462,-0.6790055216125535,0
composer/composer,Wil Moore III,-0.18018775405043536,-0.19762059784937097,-0.19762059784937097,1.570364410772145,-0.40536299588977454,0
composer/composer,Bastian Hofmann,-0.18279254785740337,-0.19580610460236483,-0.19580610460236483,-0.6825899320445143,1.150978869158531,0
composer/composer,Jerome Tamarelle,-0.18279254785740337,-0.18129015862631567,-0.18129015862631567,1.446948007459954,-0.7538296497398759,0
composer/composer,Volker Dusch,-0.18279254785740337,-0.18491914512032798,-0.18491914512032798,1.6115032118762085,-0.7516918175076667,0
composer/composer,jakoch,-0.18279254785740337,-0.18129015862631567,-0.18129015862631567,-1.1326968147125045,-0.041931516414208704,0
composer/composer,Bilal Amarni,-0.18539734166437136,-0.17584667888529723,-0.17584667888529723,-0.1792446008889128,0.42839157467181777,0
composer/composer,Henrik BjÃÂ¸rnskov,-0.18539734166437136,-0.22120901006045085,-0.22120901006045085,-0.00016981961240056636,-0.7538296497398759,0
composer/composer,JÃÂ©rÃÂ´me Tamarelle,-0.18539734166437136,-0.22120901006045085,-0.22120901006045085,-0.00016981961240056636,-0.7538296497398759,0
composer/composer,Karoly Negyesi,-0.18539734166437136,-0.20124958434338328,-0.20124958434338328,0.20552418590791743,-0.7495539852754575,0
composer/composer,MiklÃÂs MÃÂ¡rton,-0.18539734166437136,-0.22120901006045085,-0.22120901006045085,-0.00016981961240056636,-0.7538296497398759,0
composer/composer,Sander Marechal,-0.18539734166437136,-0.1994350910963771,-0.1994350910963771,0.6290118443321014,-0.37115768017442713,0
composer/composer,Tobias Munk,-0.18539734166437136,-0.1994350910963771,-0.1994350910963771,0.4741363578226857,-0.7431404885788299,0
composer/composer,Christoph,-0.18800213547133937,-0.09419448277002074,-0.09419448277002074,-1.4811666593586903,2.145070857135814,0
composer/composer,Gennady Feldman,-0.18800213547133937,-0.16495971940326037,-0.16495971940326037,-0.1284260818780107,-0.5357707620545363,0
composer/composer,Jonathan Eskew,-0.18800213547133937,-0.16858870589727268,-0.16858870589727268,-1.3601701855232091,-0.7452783208110391,0
composer/composer,Luis Cordova,-0.18800213547133937,-0.2030640775903894,-0.2030640775903894,-0.6850098615212241,1.2044246749637613,0
composer/composer,Sam Minnee,-0.18800213547133937,-0.1994350910963771,-0.1994350910963771,-1.3577502560464996,0.9179551558477269,0
composer/composer,Steve Buzonas,-0.18800213547133937,-0.1939916113553587,-0.1939916113553587,-1.1810954042466968,0.1697138745745032,0
ipython/ipython,Benjamin Ragan-Kelley,5.369313471286155,4.964618101942609,4.964618101942609,-0.9719257661136442,1.337002160123287,0
ipython/ipython,Thomas Kluyver,2.407307466957786,1.4952933267827229,1.4952933267827229,-0.9749385361620116,1.1013876484078584,0
ipython/ipython,Jonathan Frederic,1.490735636134707,1.6778651023260203,1.6778651023260203,-0.9598746859201744,0.027623597621398724,0
ipython/ipython,Fernando Perez,1.4243319689181067,1.1956174325828655,1.1956174325828655,-0.7113211569298592,3.2452342732352237,0
ipython/ipython,Matthias Bussonnier,1.405215761689085,0.9111558530116164,0.9111558530116164,-0.9794576912345628,0.6878350939906732,0
ipython/ipython,Brian E. Granger,1.3740261604206818,3.320089002541238,3.320089002541238,-0.6751679163494497,2.1751516991943176,0
ipython/ipython,Ville M. Vainio,0.39205677855095034,0.36067428735834006,0.36067428735834006,2.4776959392670936,0.4154058148197087,0
ipython/ipython,Paul Ivanov,0.24516381773847012,0.033336002924649805,0.033336002924649805,-0.44318462262515557,0.77373621805359,0
ipython/ipython,Evan Patterson,-0.12609304897252463,-0.14139809538572853,-0.14139809538572853,0.6188168194243729,-0.08650218149076211,0
ipython/ipython,Bradley M. Froehle,-0.20054564554871326,-0.25758013436782706,-0.25758013436782706,0.12472253149210992,-0.31475373971508386,0
ipython/ipython,Jessica B. Hamrick,-0.20255787788861027,-0.2612684530656714,-0.2612684530656714,-0.7700701728730245,-0.28407476683547067,0
ipython/ipython,Jason Grout,-0.2156373880979407,-0.2515866164838299,-0.2515866164838299,-0.9312533704606836,0.8044151909332031,0
ipython/ipython,DamiÃ¡n Avila,-0.22167408511763168,-0.1875020791087835,-0.1875020791087835,-0.6616104511317962,-0.11595399545519074,0
ipython/ipython,Gael Varoquaux,-0.23374747915701363,-0.24697621811152437,-0.24697621811152437,2.358691522356579,-0.20062796060292293,0
ipython/ipython,Sylvain Corlay,-0.27801659063474743,-0.26495677176351584,-0.26495677176351584,-0.8709979694933345,-0.44237826689427445,0
ipython/ipython,Takafumi Arakaki,-0.27902270680469593,-0.3198205123939512,-0.3198205123939512,0.25577802859609433,-0.5749114297342032,0
ipython/ipython,Walter Doerwald,-0.3001511463736143,-0.3124438749982624,-0.3124438749982624,0.8914725088016276,1.5713895129235314,0
ipython/ipython,JÃ¶rgen Stenarson,-0.3031694948834598,-0.32304779125456506,-0.32304779125456506,0.16991408221762178,2.2831416837305567,0
ipython/ipython,Kyle Kelley,-0.32027346977258425,-0.35993097823300907,-0.35993097823300907,-0.8875682047593555,-0.07300343342373232,0
ipython/ipython,Scott Sanderson,-0.33938967700160566,-0.34241146441824816,-0.34241146441824816,-0.7580190926795548,-0.8277061662622155,0
ipython/ipython,Laurent DufrÃ©chou,-0.3403957931715541,-0.3465608229533231,-0.3465608229533231,2.559040730573015,-0.5380966622786675,0
ipython/ipython,Zachary Sailer,-0.35347530338088456,-0.2907750026484266,-0.2907750026484266,0.03885858511363753,-1.0056442089639714,0
ipython/ipython,Robert Kern,-0.360518116570524,-0.36039201807023963,-0.36039201807023963,0.31603342956344344,1.32963920663218,0
ipython/ipython,Barry Wark,-0.362530348910421,-0.3484049823022453,-0.3484049823022453,2.8753815856515983,-0.9909183019817573,0
ipython/ipython,Julian Taylor,-0.362530348910421,-0.35255434083732023,-0.35255434083732023,-0.15094592793351236,0.08530006663507136,0
ipython/ipython,Stefan van der Walt,-0.3655486974202665,-0.34241146441824816,-0.34241146441824816,0.7800000170120318,0.7172869079551021,0
ipython/ipython,David P. Sanders,-0.3756098591197514,-0.37514529286161724,-0.37514529286161724,0.02228834984761653,-0.952876375611037,0
ipython/ipython,Jonathan Taylor,-0.3756098591197514,-0.37237905383823394,-0.37237905383823394,0.784519172084583,-1.0670021547231978,0
ipython/ipython,Gordon Ball,-0.3796343237995454,-0.373301133512695,-0.373301133512695,-0.4868697883264837,-0.9577850112717752,0
ipython/ipython,Greg Caporaso,-0.3796343237995454,-0.37652841237330886,-0.37652841237330886,0.43654423149814175,-0.8866097941910726,0
ipython/ipython,chebeei,-0.3796343237995454,-0.37652841237330886,-0.37652841237330886,-0.8634660443724158,0.6608375978566137,0
ipython/ipython,David Warde-Farley,-0.3826526723093909,-0.35900889855854795,-0.35900889855854795,0.5269273329491653,0.08407290771988692,0
ipython/ipython,Thomas Spura,-0.3826526723093909,-0.3368789863714816,-0.3368789863714816,-0.38744837673035765,0.7172869079551021,0
ipython/ipython,Doug Blank,-0.3836587884793394,-0.3742232131871561,-0.3742232131871561,-0.6465466008899589,-0.637496534408614,0
ipython/ipython,Pablo de Oliveira,-0.3866771369891849,-0.3742232131871561,-0.3742232131871561,0.019275579799248987,-1.0265059105221086,0
ipython/ipython,Nicholas Bollweg,-0.38969548549903044,-0.36546345627977567,-0.36546345627977567,-0.7384360873651663,-0.9160616081555012,0
ipython/ipython,Mathieu,-0.3907016016689788,-0.3783725717222311,-0.3783725717222311,-0.7263850071716964,-1.0056442089639714,0
ipython/ipython,Daniel B. Vasquez,-0.3927138340088759,-0.3834440099317671,-0.3834440099317671,-0.24434179943290343,-0.9700566004236203,0
ipython/ipython,Jan Schulz,-0.3927138340088759,-0.38528816928068926,-0.38528816928068926,-0.729397777220064,0.06198404724656531,0
ipython/ipython,Julia Evans,-0.3927138340088759,-0.3705348944893117,-0.3705348944893117,-0.3407504409806621,-0.9909183019817573,0
ipython/ipython,Jens Hedegaard Nielsen,-0.39371995017882433,-0.3848271294434587,-0.3848271294434587,0.16539492714507062,-0.07668491016928601,0
ipython/ipython,Erik Tollerud,-0.39472606634877283,-0.3802167310711532,-0.3802167310711532,-0.26091203469892443,0.50253409779781,0
ipython/ipython,Jakob Gager,-0.39472606634877283,-0.3820608904200754,-0.3820608904200754,-0.7143339269782267,-0.060731844271887166,0
ipython/ipython,Manuel Riel,-0.39472606634877283,-0.3862102489551504,-0.3862102489551504,-0.4974144834957698,-1.074365108214305,0
ipython/ipython,Nicolas Rougier,-0.39472606634877283,-0.3848271294434587,-0.3848271294434587,1.1852175885174545,-0.8129802592800011,0
ipython/ipython,Satrajit Ghosh,-0.39573218251872133,-0.3834440099317671,-0.3834440099317671,1.2138389039769455,-0.76389390267262,0
ipython/ipython,Aaron Meurer,-0.3967382986886699,-0.38436608960622815,-0.38436608960622815,-0.9674066110410929,0.4951711443067028,0
ipython/ipython,Kester Tong,-0.3967382986886699,-0.37745049204777,-0.37745049204777,-0.5365804941245468,-1.0780465849598586,0
ipython/ipython,Omar AndrÃ©s Zapata Mesa,-0.3967382986886699,-0.38390504976899764,-0.38390504976899764,1.06621317160694,-0.3442055536795125,0
saltstack/salt,Thomas S Hatch,10.780168421542092,7.175917896033326,7.175917896033326,-0.8324021158071756,2.9339654432594684,1
saltstack/salt,Pedro Algarvio,4.273051928459528,8.119129000693528,8.119129000693528,-0.8380612603232533,2.7086424436294405,1
saltstack/salt,Joseph Hall,2.031630391022449,1.532854713812203,1.532854713812203,-0.8352316880652144,2.881390076679129,1
saltstack/salt,Erik Johnson,1.824473749672395,2.7651694029930285,2.7651694029930285,-0.8380612603232533,2.1152918779370316,1
saltstack/salt,Mike Place,1.4148231566489764,1.593404432104133,1.593404432104133,-0.8380612603232533,0.5480452360659436,1
saltstack/salt,Colton Myers,1.3142422793375352,0.6109639324942289,0.6109639324942289,-0.8295725435491367,1.1338850351040177,0
saltstack/salt,Seth House,0.9452236963538379,2.6287193336027643,2.6287193336027643,-0.804106393226787,2.6785993770121026,1
saltstack/salt,Nitin Madhok,0.9192458538694259,1.2855389630423488,1.2855389630423488,-0.8295725435491367,-0.11039864063069559,0
saltstack/salt,David Boucha,0.8226615677094329,0.4898644959103693,0.4898644959103693,-0.8380612603232533,2.1628600667478155,0
saltstack/salt,Justin Findlay,0.5955219706021391,0.147886509501019,0.147886509501019,-0.8380612603232533,-0.4383687845366262,0
saltstack/salt,Thomas Jackson,0.5708763251682097,1.6829497901414936,1.6829497901414936,-0.7701515261303207,1.39425827912094,1
saltstack/salt,rallytime,0.5562221576129005,1.3230627321246713,1.3230627321246713,-0.8380612603232533,0.2175715032752349,1
saltstack/salt,Chris Rebert,0.41634146731222094,1.3452358684005896,1.3452358684005896,-0.48436472806839576,0.6857426247287388,0
saltstack/salt,Nicole Thomas,0.24981683600188817,-0.2853424608130705,-0.2853424608130705,-0.8380612603232533,0.2175715032752349,0
saltstack/salt,Samuel M Smith,0.18120868790203107,0.7380330596139126,0.7380330596139126,-0.31176082032802516,0.22508226992956915,0
saltstack/salt,C. R. Oldham,0.11726322947886328,0.1265661861587902,0.1265661861587902,-0.8267429712910979,0.5054842250247159,0
saltstack/salt,Jeff Schroeder,0.053317771055695524,0.08989523001015662,0.08989523001015662,0.14662988547427025,1.7272356007964265,0
saltstack/salt,Daniel Wallace,0.04132799760135158,0.21952279593090787,0.21952279593090787,-0.8324021158071756,0.2300894476991254,0
saltstack/salt,Bo Maryniuk,0.03200261824797295,0.04299051865725324,0.04299051865725324,-0.7503445203240486,-0.4959513288865223,0
saltstack/salt,Gareth J. Greenaway,0.02867212562176628,0.24169593220682584,0.24169593220682584,-0.8154246822589424,0.4278729695965949,1
saltstack/salt,Mathieu Le Marec - Pasquet,0.012019662490733003,0.1999080984560573,0.1999080984560573,-0.6230137687122999,0.5555560027202779,0
saltstack/salt,Matthew Williams,-0.021285263771333555,0.03616801518774004,0.03616801518774004,-0.7418558035499321,1.0011948242107789,0
saltstack/salt,jfindlay,-0.05725458413436543,0.14873932243470817,0.14873932243470817,-0.8380612603232533,-0.4383687845366262,0
saltstack/salt,Henrik Holmboe,-0.07324094874015737,0.1896743432517875,0.1896743432517875,-0.006167016459828288,0.5805918915680587,0
saltstack/salt,Jayesh Kariya,-0.08389852514401869,-0.1096629964731051,-0.1096629964731051,-0.679605213873077,-0.7713461062121127,1
saltstack/salt,vs,-0.08989341187119064,0.05492989972890136,0.05492989972890136,-0.7588332370981652,2.1778816000564833,0
saltstack/salt,Sean Channel,-0.09389000302263863,-0.06019984631913424,-0.06019984631913424,1.6123483151384,-0.59108770650809,0
saltstack/salt,Ryan Lane,-0.13985080126429048,-0.08237298259505221,-0.08237298259505221,-0.8295725435491367,0.17000331446445105,0
saltstack/salt,shadowfax-chc,-0.13985080126429048,-0.18471053463775053,-0.18471053463775053,0.9473988344992679,-0.33321805137594607,0
saltstack/salt,Damian Myerscough,-0.14717788504194512,-0.19494428984202034,-0.19494428984202034,-0.7984472487107093,0.28767199204902155,0
saltstack/salt,Corey Quinn,-0.1511744761933931,-0.07640329205922813,-0.07640329205922813,-0.7871289596785538,2.1954067222499307,0
saltstack/salt,Forrest Alvarez,-0.15450496881959974,-0.21455898731687084,-0.21455898731687084,0.2258579086993583,0.052334636879880554,0
saltstack/salt,twangboy,-0.1551710673448411,-0.17874084410192645,-0.17874084410192645,-0.8182542545169813,-0.7813604617512252,0
saltstack/salt,Jack Kuan,-0.15716936292056508,-0.12416081634582068,-0.12416081634582068,1.6887467661054496,-0.6386558953188738,0
saltstack/salt,Bret Palsson,-0.1578354614458064,-0.18471053463775053,-0.18471053463775053,0.29093807063425214,1.0587773685606752,0
saltstack/salt,Samuel Smith,-0.16049985554677174,-0.31604372642588,-0.31604372642588,-0.23819194161901486,0.06735617018854927,0
saltstack/salt,Denis Generalov,-0.1611659540720131,-0.2120005485158034,-0.2120005485158034,1.1992307654647263,-0.3081821625281652,0
saltstack/salt,Elias Probst,-0.16183205259725442,-0.17362396649979153,-0.17362396649979153,-0.8210838267750201,0.5029806361399379,0
saltstack/salt,Dan Colish,-0.16516254522346108,-0.18385772170406137,-0.18385772170406137,1.7085537719117214,-0.25310320706304706,0
saltstack/salt,Andrea-Redi Tsarida,-0.17248962900111572,-0.2051780450462902,-0.2051780450462902,-0.5098308783907455,-0.9966691058421414,0
saltstack/salt,Nicolas Delaby,-0.17582012162732236,-0.2162646131842492,-0.2162646131842492,-0.6994122196793491,0.2801612253946874,0
saltstack/salt,Clint Armstrong,-0.177152318677805,-0.21285336144949257,-0.21285336144949257,-0.5041717338746677,-0.5209872177343033,0
saltstack/salt,regilero,-0.177152318677805,-0.19750272864308782,-0.19750272864308782,0.6757598977275372,-0.8439501838706776,0
saltstack/salt,Aaron Tygart,-0.17781841720304636,-0.22138149078638408,-0.22138149078638408,1.3124136557862807,-0.35074317356939283,0
saltstack/salt,Michael Steed,-0.181148909829253,-0.17703521823454815,-0.17703521823454815,-0.8380612603232533,-0.8514609505250119,0
saltstack/salt,Evan Borgstrom,-0.18248110687973565,-0.20688367091366847,-0.20688367091366847,-0.4136254216174242,1.7672930229528765,0
saltstack/salt,Robert Keizer,-0.183147205404977,-0.24526025292968037,-0.24526025292968037,1.252992638367465,-0.9766403947639166,0
saltstack/salt,Niels Abspoel,-0.18381330393021833,-0.1744767794334807,-0.1744767794334807,-0.6711164970989605,1.1564173350670208,0
saltstack/salt,Steve Weber,-0.18514550098070098,-0.2392905623938563,-0.2392905623938563,-0.7927881041946315,0.07236334795810534,0
saltstack/salt,Arnold Bechtoldt,-0.18647769803118366,-0.1292776939479556,-0.1292776939479556,-0.72204879774366,0.10491000346022063,0
saltstack/salt,Omer Katz,-0.187143796556425,-0.2196758649190058,-0.2196758649190058,-0.29195381452175323,-0.3207001069520557,0
saltstack/salt,Aditya Kulkarni,-0.1878098950816663,-0.2333208718580322,-0.2333208718580322,-0.42494371064957964,0.14997460338622642,0
saltstack/salt,Jeff Hutchins,-0.18847599360690764,-0.237584936526478,-0.237584936526478,1.3916416790113688,-0.05531968516557747,0
saltstack/salt,mafro,-0.18847599360690764,-0.23161524599065392,-0.23161524599065392,0.5455995738577497,0.3577724808228082,0
saltstack/salt,Clint Savage,-0.19047428918263162,-0.2444074399959912,-0.2444074399959912,1.2671404996576592,0.5530524138354996,0
saltstack/salt,Jorge Schrauwen,-0.19114038770787298,-0.2512299434655044,-0.2512299434655044,-0.8380612603232533,-1.109330605657156,0
saltstack/salt,Florian Ermisch,-0.1918064862331143,-0.2461130658633695,-0.2461130658633695,-0.8182542545169813,1.6220848676357467,0
saltstack/salt,Erik Nolte,-0.19247258475835563,-0.2120005485158034,-0.2120005485158034,3.2421819357687838,-1.0166978169203662,0
saltstack/salt,Ronald van Zantvoort,-0.19380478180883828,-0.237584936526478,-0.237584936526478,-0.6994122196793491,-0.7588281617882224,0
saltstack/salt,Christer Edwards,-0.1958030773845623,-0.21541180025056,-0.21541180025056,-0.7248783700016989,2.1228026445913653,0
saltstack/salt,Jacob Hammons,-0.19713527443504497,0.1410640060315058,0.1410640060315058,-0.823913399033059,-0.7738496950968909,0
saltstack/salt,Baiju Muthukadan,-0.19780137296028627,-0.15315645609125186,-0.15315645609125186,1.7877817951368096,-0.4759226178082976,0
saltstack/salt,Dmitry Kuzmenko,-0.19846747148552762,-0.16594865009658916,-0.16594865009658916,-0.8210838267750201,-0.566051817660309,0
saltstack/salt,Michael Birtwell,-0.19913357001076892,-0.27255026680773325,-0.27255026680773325,0.26264234805386355,-0.5310015732734157,0
saltstack/salt,Scott Walton,-0.20179796411173426,-0.25037713053181526,-0.25037713053181526,0.26264234805386355,0.6356708470331768,0
saltstack/salt,Thayne Harbaugh,-0.20179796411173426,-0.20603085797997933,-0.20603085797997933,-0.761662809356204,0.17250690334922925,0
saltstack/salt,Claudiu Popescu,-0.20512845673794092,-0.26487495040453085,-0.26487495040453085,-0.5239787396809398,-0.909043494874908,0
saltstack/salt,Matthew Hopkins,-0.20512845673794092,-0.28875371254782717,-0.28875371254782717,-0.10803161774922729,-0.29065704033471845,0
saltstack/salt,Mickey Malone,-0.20579455526318227,-0.26743338920559834,-0.26743338920559834,1.0011607074020061,-1.0166978169203662,0
saltstack/salt,Tor Hveem,-0.2071267523136649,-0.27596151854248985,-0.27596151854248985,-0.3513748319405693,1.8173648006484378,0
saltstack/salt,pengyao,-0.20779285083890625,-0.26913901507297666,-0.26913901507297666,-0.6767756416150382,0.9035548577044332,0
saltstack/salt,Markus Gattol,-0.2084589493641476,-0.1855633475714397,-0.1855633475714397,3.0356231609319466,-1.144380850044049,0
saltstack/salt,ranl,-0.2084589493641476,-0.27084464094035493,-0.27084464094035493,0.4692011228907004,-0.48343338446263184,0
saltstack/salt,Rupesh Tare,-0.2091250478893889,-0.2742558926751116,-0.2742558926751116,-0.28346509774763656,-1.034222939113813,1
saltstack/salt,Fred Reimer,-0.20979114641463026,-0.27255026680773325,-0.27255026680773325,-0.5098308783907455,-0.7738496950968909,0
saltstack/salt,K Jonathan Harker,-0.20979114641463026,-0.25805244693501767,-0.25805244693501767,0.6248275970828376,0.10991718122977687,0
saltstack/salt,Nahum Shalman,-0.21045724493987156,-0.27851995734355733,-0.27851995734355733,-0.4306028551656574,0.11993153676888917,0
saltstack/salt,Rahul Handay,-0.21045724493987156,-0.27340307974142236,-0.27340307974142236,-0.5607631790354449,-1.0492444724224814,0
saltstack/salt,Xavier Barbosa,-0.21045724493987156,-0.2299096201232756,-0.2299096201232756,0.2683014925699412,-0.21054219602181948,0
saltstack/salt,David Anderson,-0.2111233434651129,-0.24184900119492378,-0.24184900119492378,0.6248275970828376,-0.6411594842036519,0
saltstack/salt,Frank Klaassen,-0.2111233434651129,-0.2682862021392875,-0.2682862021392875,-0.4447507164558517,1.759782256298542,0
saltstack/salt,Roman Inflianskas,-0.2111233434651129,-0.25037713053181526,-0.25037713053181526,-0.38250012677899675,-0.5635482287755309,0
saltstack/salt,ran,-0.2111233434651129,-0.01329513496623082,-0.01329513496623082,-0.8295725435491367,2.1152918779370316,0
saltstack/salt,Ollie Walsh,-0.21178944199035424,-0.27766714440986817,-0.27766714440986817,0.4267575390201175,-0.25560679594782515,0
saltstack/salt,Eric Poelke,-0.21245554051559556,-0.27084464094035493,-0.27084464094035493,2.30842309061596,-0.5310015732734157,0
saltstack/salt,Bruno Binet,-0.2131216390408369,-0.28107839614462476,-0.28107839614462476,-0.8069359654848258,0.28767199204902155,0
saltstack/salt,Andreas Lutro,-0.21378773756607825,-0.2751087056088007,-0.2751087056088007,-0.8210838267750201,-0.8439501838706776,0
saltstack/salt,mguegan,-0.21378773756607825,-0.2827840220120031,-0.2827840220120031,-0.48719430032643457,0.5981170137615056,0
saltstack/salt,Daniel Bradshaw,-0.21445383609131954,-0.28704808668044884,-0.28704808668044884,0.19190304160289207,-0.5059656844256347,0
saltstack/salt,Daniel Hobley,-0.2151199346165609,-0.2682862021392875,-0.2682862021392875,-0.804106393226787,-0.44838314007573854,0
saltstack/salt,Volker Schwicking,-0.21578603314180222,-0.28022558321093566,-0.28022558321093566,0.18058475257073658,0.2576289254316845,0
saltstack/salt,David Lindquist,-0.21645213166704355,-0.28022558321093566,-0.28022558321093566,0.5257925680514776,0.08488129238199585,0
saltstack/salt,Ted Strzalkowski,-0.21645213166704355,-0.2913121513488946,-0.2913121513488946,-0.7163896532275823,0.13745665896233591,0
saltstack/salt,Stephen Spencer,-0.21711823019228488,-0.2751087056088007,-0.2751087056088007,-0.5664223235515227,-1.0467408835377032,0
saltstack/salt,faust,-0.21711823019228488,-0.27255026680773325,-0.27255026680773325,1.3859825344952912,-1.0792875390398187,0
saltstack/salt,Bruno Clermont,-0.21778432871752623,-0.2537883822665719,-0.2537883822665719,-0.761662809356204,1.294114723729816,0
saltstack/salt,David Bishop,-0.21778432871752623,-0.2930177772162729,-0.2930177772162729,2.45556084803398,-0.9240650281835767,0
saltstack/salt,Arthur Lutz,-0.21845042724276753,-0.276814331476179,-0.276814331476179,-0.8295725435491367,0.5780883026832806,0
saltstack/salt,Jeremy Rosenbaum,-0.21911652576800889,-0.28107839614462476,-0.28107839614462476,-0.8380612603232533,-0.3632611179932833,0
saltstack/salt,Joe Healy,-0.21978262429325018,-0.2367321235927888,-0.2367321235927888,-0.5098308783907455,0.8835261466262083,0
saltstack/salt,Amir Pakdel,-0.22044872281849154,-0.28790089961413795,-0.28790089961413795,-0.26648766419940345,0.10991718122977687,0
saltstack/salt,Ãyvind Saltvik,-0.22044872281849154,-0.28704808668044884,-0.28704808668044884,0.5003264177291278,-1.1318629056201586,0
saltstack/salt,Christophe Drevet-Droguet,-0.22111482134373286,-0.2861952737467597,-0.2861952737467597,-0.6513094912926884,0.2125643255056788,0
saltstack/salt,Hung Nguyen Viet,-0.22111482134373286,-0.28022558321093566,-0.28022558321093566,-0.29195381452175323,-0.6386558953188738,0
saltstack/salt,Jens Rantil,-0.22111482134373286,-0.2853424608130705,-0.2853424608130705,-0.8295725435491367,1.942544244887343,0
saltstack/salt,John Albietz,-0.22111482134373286,-0.28704808668044884,-0.28704808668044884,-0.13632734032961588,1.0312378908281161,0
saltstack/salt,Kaithar,-0.22111482134373286,-0.28448964787938136,-0.28448964787938136,-0.6258433409703387,0.20505355885134438,0
saltstack/salt,Shane Lee,-0.22111482134373286,-0.30666278415529935,-0.30666278415529935,-0.8267429712910979,-0.7262815062861071,0
saltstack/salt,Corin Kochenower,-0.2217809198689742,-0.26146369866977426,-0.26146369866977426,-0.5296378841970174,-1.034222939113813,0
saltstack/salt,Michael Lustfield,-0.2217809198689742,-0.2819312090783139,-0.2819312090783139,0.4550532616005061,0.8785189688566523,0
saltstack/salt,Alexey Ivanov,-0.22244701839421552,-0.2537883822665719,-0.2537883822665719,0.21736919192524184,-0.5835769398537557,0
saltstack/salt,Grischa Meyer,-0.22244701839421552,-0.28875371254782717,-0.28875371254782717,-0.6428207745185719,0.8885333243957647,0
saltstack/salt,Kevin Bowling,-0.22244701839421552,-0.27937277027724644,-0.27937277027724644,-0.8012768209687481,0.09239205903633012,0
saltstack/salt,Cimarron Mittelsteadt,-0.22311311691945687,-0.2861952737467597,-0.2861952737467597,-0.3061016758119475,-0.7387994507099976,0
saltstack/salt,Mathias Gug,-0.22311311691945687,-0.27340307974142236,-0.27340307974142236,-0.8380612603232533,-0.6261379508949833,0
saltstack/salt,Samuel Lai,-0.22311311691945687,-0.28790089961413795,-0.28790089961413795,0.5540882906318662,-1.144380850044049,0
saltstack/salt,Antoine Jacoutot,-0.22377921544469817,-0.2751087056088007,-0.2751087056088007,-0.7248783700016989,-0.3632611179932833,0
saltstack/salt,Emile 'iMil' Heitor,-0.22377921544469817,-0.2930177772162729,-0.2930177772162729,1.4199374015917574,-1.0842947168093748,0
saltstack/salt,Jeffrey C. Ollie,-0.22377921544469817,-0.2913121513488946,-0.2913121513488946,0.8568525222420242,0.6381744359179552,0
saltstack/salt,Roberto Aguilar,-0.22377921544469817,-0.28960652548151633,-0.28960652548151633,0.9983311351439673,-0.49344774000174424,0
saltstack/salt,Ulrich Dangel,-0.22377921544469817,-0.27766714440986817,-0.27766714440986817,1.5019949970748847,-0.34573599579983655,0
saltstack/salt,Viet Hung Nguyen,-0.22377921544469817,-0.28875371254782717,-0.28875371254782717,-0.6088659074221056,0.5430380582963875,0
saltstack/salt,root,-0.22377921544469817,-0.28704808668044884,-0.28704808668044884,-0.7588332370981652,2.1778816000564833,0
saltstack/salt,Michael Persson,-0.22444531396993952,-0.2913121513488946,-0.2913121513488946,0.12116373515192048,-1.039230116883369,0
saltstack/salt,Nick Lang (Salt minion),-0.22444531396993952,-0.29387059014996203,-0.29387059014996203,2.6649491951288566,-1.136870083389715,0
saltstack/salt,Aneesh Agrawal,-0.22511141249518088,-0.26743338920559834,-0.26743338920559834,-0.7475149480660097,-0.7037492063231043,0
saltstack/salt,Tom Vaughan,-0.22511141249518088,-0.28022558321093566,-0.28022558321093566,2.0877164544889286,-0.7112599729774386,0
saltstack/salt,jond,-0.22511141249518088,-0.29216496428258376,-0.29216496428258376,-0.3343973983923361,-0.4383687845366262,0
saltstack/salt,ydavid,-0.22511141249518088,-0.2827840220120031,-0.2827840220120031,1.7566565002983818,-0.9916619280725851,0
saltstack/salt,Christopher A. Stelma,-0.22577751102042218,-0.29045933841520544,-0.29045933841520544,0.4437349725683506,-0.901532728220574,0
saltstack/salt,Flavian,-0.22577751102042218,-0.2930177772162729,-0.2930177772162729,-0.25233980290920915,-1.1268557278506024,0
saltstack/salt,Rafael Uzarowski,-0.22577751102042218,-0.2972818418847187,-0.2972818418847187,-0.7305375145177766,-1.1594023833527176,0
saltstack/salt,Yash,-0.22577751102042218,-0.2827840220120031,-0.2827840220120031,-0.7673219538722817,-1.1744239166613863,0
saltstack/salt,Ahmed Kamal,-0.2264436095456635,-0.29387059014996203,-0.29387059014996203,-0.29761295903783086,-1.1343664945049368,0
saltstack/salt,Dave Rawks,-0.2264436095456635,-0.29557621601734035,-0.29557621601734035,0.10135672934564845,0.7858861801198626,0
saltstack/salt,Dmitry Malinovsky,-0.2264436095456635,-0.29472340308365125,-0.29472340308365125,0.9219326841769181,-1.0066834613812539,0
saltstack/salt,Jason R. McNeil,-0.2264436095456635,-0.29216496428258376,-0.29216496428258376,-0.03163316678217795,0.30519711424246815,0
saltstack/salt,KennethWilke,-0.2264436095456635,-0.28107839614462476,-0.28107839614462476,0.10418630160368726,-0.22806731821526607,0
saltstack/salt,Alexander Haase,-0.22710970807090486,-0.29387059014996203,-0.29387059014996203,-0.25233980290920915,-1.1518916166983835,0
saltstack/salt,Colin Johnson,-0.22710970807090486,-0.2861952737467597,-0.2861952737467597,0.033446995152715785,-0.9390865614922452,0
saltstack/salt,Khris Richardson,-0.22710970807090486,-0.18897459930619628,-0.18897459930619628,0.24849448676366925,-0.43336160676707,0
saltstack/salt,Nick Lang,-0.22710970807090486,-0.2742558926751116,-0.2742558926751116,2.6649491951288566,-1.1268557278506024,0
saltstack/salt,hvnsweeting,-0.22710970807090486,-0.2623165116034634,-0.2623165116034634,-0.29195381452175323,0.7057713358069635,0
saltstack/salt,iquaba,-0.22710970807090486,-0.29216496428258376,-0.29216496428258376,0.49183770095501134,-0.29316062921949665,0
saltstack/salt,rorax,-0.22710970807090486,-0.2972818418847187,-0.2972818418847187,-0.008996588717867102,-1.0192014058051442,0
saltstack/salt,Joe Julian,-0.22777580659614619,-0.28790089961413795,-0.28790089961413795,-0.7248783700016989,-0.7638353395577786,0
saltstack/salt,Tarjei HusÃ¸y,-0.22777580659614619,-0.2631693245371526,-0.2631693245371526,-0.823913399033059,0.14997460338622642,0
saltstack/salt,Alan Garfield,-0.2284419051213875,-0.2964290289510295,-0.2964290289510295,1.4510626964301852,-1.0192014058051442,0
saltstack/salt,Andrew Hammond,-0.2284419051213875,-0.28960652548151633,-0.28960652548151633,0.22019876418328066,0.1549817811557825,0
saltstack/salt,Andrew Kuhnhausen,-0.2284419051213875,-0.2964290289510295,-0.2964290289510295,2.6847562009351287,-1.1644095611222738,0
saltstack/salt,Eivind Uggedal,-0.2284419051213875,-0.2554940081339502,-0.2554940081339502,2.1329896106175505,-0.38829700684106416,0
saltstack/salt,Grier Johnson,-0.2284419051213875,-0.28448964787938136,-0.28448964787938136,2.2886160848096884,-0.7588281617882224,0
saltstack/salt,Robert Davis,-0.2284419051213875,-0.2972818418847187,-0.2972818418847187,-0.804106393226787,-1.039230116883369,0
saltstack/salt,Romeo Theriault,-0.2284419051213875,-0.2930177772162729,-0.2930177772162729,1.999999714489724,-0.9641224503400261,0
saltstack/salt,Sergey Kizunov,-0.2284419051213875,-0.2751087056088007,-0.2751087056088007,-0.8380612603232533,-0.7863676395207815,0
saltstack/salt,Tim O'Guin,-0.2284419051213875,-0.2964290289510295,-0.2964290289510295,-0.17028220742608222,-0.27313191814127186,0
rails/rails,Aaron Patterson,9.685858475568331,6.806607814507109,6.806607814507109,-1.082435457934927,1.8676031941806732,1
rails/rails,Rafael MendonÃ§a FranÃ§a,9.032609296307326,2.4977477747836616,2.4977477747836616,-1.082435457934927,1.1161390032095766,0
rails/rails,Jeremy Kemper,7.150457655508353,8.391869304382668,8.391869304382668,-1.0281663764806301,3.6005449632722812,1
rails/rails,David Heinemeier Hansson,6.991656750052638,10.76829460999501,10.76829460999501,-1.0759748529998914,3.908972005131723,1
rails/rails,JosÃ© Valim,5.0048408761123975,6.424228269447675,6.424228269447675,-0.7322706704560137,1.8989686560646843,0
rails/rails,Xavier Noria,3.839097865607952,3.128527331211629,3.128527331211629,-1.0255821345066163,2.2178508518854634,0
rails/rails,Santiago Pastorino,3.104643677875275,2.1300375217341796,2.1300375217341796,-1.0798512159609126,1.4572384011981965,0
rails/rails,Yves Senn,3.005393111965454,1.6606201774156923,1.6606201774156923,-1.082435457934927,0.8207809038018067,0
rails/rails,Carlos Antonio da Silva,2.891706100105113,1.2039162195058308,1.2039162195058308,-1.082435457934927,1.462465978178865,0
rails/rails,Vijay Dev,1.951532557577534,0.7843744680211827,0.7843744680211827,-1.082435457934927,1.0377253484995494,0
rails/rails,Jon Leighton,1.9028095524945305,2.75886117256082,2.75886117256082,-0.37822952001607957,1.387973006204339,1
rails/rails,Joshua Peek,1.8216045440228585,3.811138386074762,3.811138386074762,-0.870527616065769,2.084547638878416,1
rails/rails,Pratik Naik,1.5689667398887683,3.7064974364037657,3.7064974364037657,-1.0294584974676375,2.297571400840657,0
rails/rails,Sean Griffin,1.182791810712373,1.739834354269437,1.739834354269437,-1.082435457934927,-0.052224451969832685,1
rails/rails,Michael Koziarski,1.1124141367035902,1.02006109298109,1.02006109298109,-0.26839923612047945,2.6791845204294584,0
rails/rails,Guillermo Iguaran,1.0366227954633633,0.3570090941312265,0.3570090941312265,-1.0759748529998914,0.8299291635179764,0
rails/rails,Andrew White,0.8760173342638343,0.5623791822705648,0.5623791822705648,-1.0785590949739057,2.2361473713178026,0
rails/rails,Arun Agrawal,0.8200761062055715,0.31984688770601294,0.31984688770601294,-1.0811433369479198,0.8626015196471548,0
rails/rails,Piotr Sarnacki,0.8038351045112372,1.473831192488961,1.473831192488961,-0.32654468053579716,0.4770677173228528,1
rails/rails,Emilio Tagua,0.7136073173204905,0.5144594950380525,0.5144594950380525,0.9759132743673186,-0.09665885630551505,0
rails/rails,Ryan Bigg,0.6955617598823413,0.11154294116468425,0.11154294116468425,-1.0462560702987291,2.1159131007624272,0
rails/rails,Rick Olson,0.5854838595096304,1.1031870810374889,1.1031870810374889,2.395954239088076,-0.21166554988022193,0
rails/rails,Akira Matsuda,0.5764610807905557,0.4645839022042133,0.4645839022042133,-1.0798512159609126,2.1028441583107558,0
rails/rails,Zachary Scott,0.5403699659142571,-0.04199564853948767,-0.04199564853948767,-1.0733906110258773,-0.06790718291183823,0
rails/rails,Godfrey Chan,0.4772105148807345,0.17413192040714923,0.17413192040714923,-1.0785590949739057,0.33723003308997035,0
rails/rails,Francesco Rodriguez,0.4266829540539165,0.5007681558287633,0.5007681558287633,-0.3368816484318536,-0.38286869599711537,0
rails/rails,Neeraj Singh,0.4050282851281372,0.3364720853172928,0.3364720853172928,-0.7464840013130913,0.9854495786928642,0
rails/rails,Jamis Buck,0.3960055064090626,0.7266752527820353,0.7266752527820353,0.15541644761783596,2.420419459886367,0
rails/rails,Marcel Molina,0.30577771921831604,0.5633571350712282,0.5633571350712282,2.476065740282514,-0.08358991385384376,0
rails/rails,Charlie Somerville,0.28953671752398163,-0.27474841509740433,-0.27474841509740433,-0.48547556193766545,-0.652088910501543,0
rails/rails,Yehuda Katz,0.26968660434201736,1.780908371897305,1.780908371897305,-0.0035144337840324253,1.169721667261429,0
rails/rails,kennyj,0.2137453762837545,0.19271302361975595,0.19271302361975595,-0.18441137196502058,-0.23911032902873153,0
rails/rails,Mikel Lindsaar,0.2119408205399395,0.5242390230446876,0.5242390230446876,-0.00739079674505361,0.45746430364534596,0
rails/rails,Prem Sichanugrist,0.1975043745894201,0.7775287984165382,0.7775287984165382,-1.0333348604286585,1.6192932875989199,0
rails/rails,Nicholas Seckar,0.18487248438271559,0.32864846291198463,0.32864846291198463,2.6492099525414603,-0.15285530884770127,0
rails/rails,Matthew Draper,0.17404514991982598,-0.12609958939655,-0.12609958939655,-1.0785590949739057,-0.4168479463714606,0
rails/rails,Mike Gunderloy,0.16141325971312145,0.09589569635406797,0.09589569635406797,0.5624345585250596,0.4535436209098445,0
rails/rails,wycats,0.16141325971312145,1.2606374819443147,1.2606374819443147,-0.0035144337840324253,1.169721667261429,0
rails/rails,Steve Klabnik,0.15960870396930657,0.06851301793548954,0.06851301793548954,-0.1792428880169924,-0.4717375046684798,0
rails/rails,Robin Dupret,0.15419503673786175,0.11252089396534772,0.11252089396534772,-1.082435457934927,0.2836473690381184,0
rails/rails,Vipul A M,0.14697681376260205,0.22694137164297906,0.22694137164297906,-0.9726051740393267,0.0013582120820192778,0
rails/rails,Carl Lerche,0.10908114314248846,1.6850689974322806,1.6850689974322806,-0.011267159706074795,0.7671982397499543,0
rails/rails,Arthur Neves,0.07299002826618982,-0.022436592526217384,-0.022436592526217384,-1.064345764116828,-0.3201377722290933,0
rails/rails,Timm,0.07118547252237487,0.08513821554676929,0.08513821554676929,-1.082435457934927,1.0599425506673903,0
rails/rails,Nick Kallen,0.06757636103474501,1.3672343372166378,1.3672343372166378,1.8765216023112385,-0.5553787363591758,0
rails/rails,Yehuda Katz + Carl Lerche,0.06396724954711515,0.8009996656324626,0.8009996656324626,1.6374792197149328,-0.9396056444383105,0
rails/rails,Abdelkader Boudih,0.0567490265718554,-0.07231218536005665,-0.07231218536005665,-1.0811433369479198,-0.610268294656195,0
rails/rails,Frederick Cheung,0.015244244464111998,-0.0234145453268809,-0.0234145453268809,-0.4144089076522772,1.6140657106182514,0
rails/rails,schneems,0.015244244464111998,0.07633664034079768,0.07633664034079768,-1.0604694011558067,0.5228090159037022,0
rails/rails,Sebastian Martinez,0.011635132976482143,0.014725613898996213,0.014725613898996213,0.2872127882925559,-0.0051762591438162635,0
rails/rails,Åukasz StrzaÅkowski,0.006221465745037337,0.18195554281245738,0.18195554281245738,-0.6973834038068231,0.8612946254019875,0
rails/rails,Prathamesh Sonpatki,-0.006410424461667177,-0.07035627975872961,-0.07035627975872961,-1.0346269814156657,-0.10188643328618356,0
rails/rails,Oscar Del Ben,-0.022651426156001592,-0.09871691097797156,-0.09871691097797156,0.35569520060393006,-0.8664195667089516,0
rails/rails,Josh Kalderimis,-0.024455981899816497,0.14674924198857076,0.14674924198857076,0.8195666349394645,-0.610268294656195,0
rails/rails,Bryan Helmkamp,-0.028065093387446397,0.4098185453670564,0.4098185453670564,1.2369217137427444,0.071930501321044,0
rails/rails,Sergey Nartimov,-0.04971976231322557,-0.026348403728871452,-0.026348403728871452,0.11148433405959594,-0.6573164874822115,0
rails/rails,Alexey Vakhov,-0.05332887380085543,-0.16228384302110008,-0.16228384302110008,0.019743743982094684,-0.4312237830682989,0
rails/rails,Carlhuda,-0.05332887380085543,0.2406327108522682,0.2406327108522682,1.2511350445998222,-0.8298265278442719,0
rails/rails,Kasper Timm Hansen,-0.058742541032300234,-0.190644474240342,-0.190644474240342,-1.082435457934927,-0.7278887767212362,0
rails/rails,claudiob,-0.058742541032300234,0.020593330702977315,0.020593330702977315,-1.0720984900388704,0.4822952943035213,0
rails/rails,yui-knk,-0.062351652519930086,-0.17597518223038927,-0.17597518223038927,-1.082435457934927,-0.7409577191729075,0
rails/rails,Arthur Nogueira Neves,-0.06596076400755994,-0.2972413295126652,-0.2972413295126652,-1.065637885103835,-0.5096374377783264,0
rails/rails,yuuji.yaginuma,-0.0695698754951898,-0.14272478700782976,-0.14272478700782976,-1.0811433369479198,-0.6468613335208745,0
rails/rails,Vishnu Atrai,-0.0749835427266346,-0.17695313503105278,-0.17695313503105278,-0.06682836214737821,-0.17507251101554255,0
rails/rails,Sven Fuchs,-0.07678809847044953,-0.0175468285228998,-0.0175468285228998,0.9604078225232338,0.1908578776312524,0
rails/rails,eileencodes,-0.07859265421426445,-0.12512163659588646,-0.12512163659588646,-1.0811433369479198,-0.547537370888173,0
rails/rails,Hongli Lai (Phusion),-0.08220176570189433,-0.11632006138991484,-0.11632006138991484,1.359673207508415,-0.29530678157091794,0
rails/rails,Sam Stephenson,-0.08400632144570926,0.023527189104967865,0.023527189104967865,2.0884294441803966,0.5188883331682007,0
rails/rails,Jaime Iniesta,-0.091224544420969,-0.18086494623370683,-0.18086494623370683,-0.02418836957614535,0.32808177337380057,0
rails/rails,Geoff Buesing,-0.10024732314004366,0.5281508342473417,0.5281508342473417,-0.059075636225335834,1.4493970357271935,0
rails/rails,Tarmo TÃ¤nav,-0.10205187888385858,-0.11632006138991484,-0.11632006138991484,1.3105726100021466,-0.15154841460253424,0
rails/rails,Bogdan Gusiev,-0.10385643462767351,-0.09382714697465397,-0.09382714697465397,-0.8317639864555574,0.5594020547683816,0
rails/rails,Ernie Miller,-0.10566099037148843,-0.01950273412422683,-0.01950273412422683,-0.9700209320653127,2.085854533123583,0
rails/rails,Tobias LÃ¼tke,-0.10566099037148843,-0.0693783269580661,-0.0693783269580661,1.2963592791450693,1.0965355895320699,0
rails/rails,Guo Xiang Tan,-0.10746554611530336,-0.0547090349481134,-0.0547090349481134,-1.0320427394416514,-0.5684476788108471,0
rails/rails,Ryuta Kamizono,-0.1146837690905631,-0.011679111718918696,-0.011679111718918696,-1.0746827320128844,-0.38286869599711537,0
rails/rails,Damien Mathieu,-0.11648832483437803,-0.18282085183503388,-0.18282085183503388,-0.8782803419878114,1.2507491104617907,0
rails/rails,Rizwan Reza,-0.11648832483437803,-0.08502557176868235,-0.08502557176868235,-0.4609252631845313,0.8299291635179764,0
rails/rails,Juanito Fatas,-0.11829288057819297,-0.21509329425692988,-0.21509329425692988,-1.0410875863507008,-0.32275156071942757,0
rails/rails,Akshay Vishnoi,-0.12190199206582283,-0.11240825018726078,-0.11240825018726078,-0.9687288110783057,-0.4821926586298168,0
rails/rails,wangjohn,-0.12551110355345269,-0.1016507693799621,-0.1016507693799621,-0.18053500900399938,-0.8899436631219597,0
rails/rails,Raimonds Simanovskis,-0.12731565929726762,-0.1720633710277352,-0.1720633710277352,0.7976005781603444,-0.15285530884770127,0
rails/rails,Aman Gupta,-0.1309247707848975,-0.2933295183100111,-0.2933295183100111,-0.2528937842763947,0.5188883331682007,0
rails/rails,GonÃ§alo Silva,-0.13453388227252736,-0.18086494623370683,-0.18086494623370683,0.7187811979529137,-0.5344684284365019,0
rails/rails,Leon Breedt,-0.13633843801634227,0.1790216844104668,0.1790216844104668,3.5368970706153102,-0.8690333551992858,0
rails/rails,Aditya Sanghi,-0.13814299376015723,-0.19846809664565013,-0.19846809664565013,-0.9829421419353832,1.0298839830285464,0
rails/rails,thedarkone,-0.13814299376015723,-0.17010746542640817,-0.17010746542640817,-1.0397954653636938,1.8584549344645038,0
rails/rails,Kuldeep Aggarwal,-0.14175210524778709,-0.17597518223038927,-0.17597518223038927,-0.9906948678574256,-0.45736166797164146,0
rails/rails,Yasuo Honda,-0.143556660991602,-0.2160712470575934,-0.2160712470575934,-1.0785590949739057,0.6731018540979214,0
rails/rails,Jason Noble,-0.15257943971067667,-0.20237990784830417,-0.20237990784830417,0.21226977104614655,-0.4717375046684798,0
rails/rails,Vasiliy Ermolovich,-0.15799310694212146,-0.16815155982508115,-0.16815155982508115,-0.44025132739241835,-0.07836233687317525,0
rails/rails,Marc-Andre Lafortune,-0.16160221842975134,-0.16717360702441764,-0.16717360702441764,-0.35238710027593834,0.9318669146410122,0
rails/rails,Thomas Fuchs,-0.16160221842975134,-0.04688541254280526,-0.04688541254280526,2.109103379972509,0.28887494601878694,0
rails/rails,Agis Anastasopoulos,-0.1652113299173812,-0.23171849186820967,-0.23171849186820967,0.03912555878720061,-0.9931883084901625,0
rails/rails,Mehmet Emin Ä°NAÃ,-0.1652113299173812,-0.18184289903437034,-0.18184289903437034,-1.0604694011558067,-1.050691655277516,0
rails/rails,Trevor Turk,-0.1652113299173812,-0.20237990784830417,-0.20237990784830417,-0.03323321648519472,1.1854043982034346,0
rails/rails,Daniel Schierbeck,-0.16701588566119613,-0.21802715265892042,-0.21802715265892042,-0.47384647305460187,1.483376286101539,0
rails/rails,Gaurish Sharma,-0.16701588566119613,-0.23269644466887313,-0.23269644466887313,-0.9997397147664749,0.312399042431795,0
rails/rails,JosÃ© Valim and Mikel Lindsaar,-0.16882044140501107,-0.09284919417399048,-0.09284919417399048,1.5483228716114459,-1.206212070452404,0
rails/rails,Richard Schneeman,-0.16882044140501107,-0.2972413295126652,-0.2972413295126652,-1.0798512159609126,0.07323739556621124,0
rails/rails,Joost Baaij,-0.17062499714882598,-0.2219389638615745,-0.2219389638615745,-0.44025132739241835,0.5228090159037022,0
rails/rails,rick,-0.17062499714882598,0.24258861645359522,0.24258861645359522,-0.8317639864555574,2.0466477057685695,0
rails/rails,Jon Atack,-0.17242955289264092,-0.21998305826024747,-0.21998305826024747,-1.0798512159609126,-0.5749821500366826,0
rails/rails,Mislav MarohniÄ,-0.17242955289264092,-0.22096101106091098,-0.22096101106091098,1.319617456911196,-0.1358656836605287,0
rails/rails,CassioMarques,-0.17423410863645586,-0.18575471023702442,-0.18575471023702442,1.9618015874537047,-1.0467709725420147,0
rails/rails,Cristian Bica,-0.17423410863645586,-0.037105884536170086,-0.037105884536170086,-1.0410875863507008,-0.652088910501543,0
rails/rails,Eloy Duran,-0.17423410863645586,-0.2043358134496312,-0.2043358134496312,1.5715810493775728,-0.5436166881526716,0
rails/rails,James Miller,-0.17964777586790065,-0.2375862086721907,-0.2375862086721907,0.10890009208558175,0.9031152412473357,0
rails/rails,brainopia,-0.18145233161171556,-0.17108541822707168,-0.17108541822707168,-0.8963700358059103,0.8364636347438122,0
rails/rails,Ben Orenstein,-0.18506144309934544,-0.2561673118847975,-0.2561673118847975,0.5882769782652008,-0.12802431818952592,0
rails/rails,Ben Woosley,-0.18506144309934544,-0.20629171905095822,-0.20629171905095822,-0.8769882210008044,0.5293434871295377,0
rails/rails,Matt Jones,-0.18506144309934544,-0.17499722942972576,-0.17499722942972576,-0.8278876234945362,1.8506135689935013,0
rails/rails,Paul Nikitochkin,-0.18506144309934544,-0.1896665214396785,-0.1896665214396785,-0.4893519248986866,-0.641633756540206,0
rails/rails,gbuesing,-0.18506144309934544,0.9007508513001411,0.9007508513001411,-0.059075636225335834,1.4493970357271935,0
rails/rails,rohit,-0.18506144309934544,-0.20726967185162173,-0.20726967185162173,-0.7762027840142538,1.0403391369898833,0
rails/rails,Aditya Kapoor,-0.1886705545869753,-0.2424759726755083,-0.2424759726755083,-1.082435457934927,-0.6194165543723649,0
rails/rails,Greg Ose,-0.1886705545869753,-0.2991972351139922,-0.2991972351139922,0.0003619291769887594,-1.2140534359234068,0
rails/rails,Hendy Tanata,-0.1886705545869753,-0.2356303030708637,-0.2356303030708637,-0.9829421419353832,0.7057742102270997,0
rails/rails,Waynn Lue,-0.1886705545869753,-0.2561673118847975,-0.2561673118847975,-0.959683964169256,0.67832943107859,0
rails/rails,Mikhail Dieterle,-0.19047511033079023,-0.25029959508081645,-0.25029959508081645,-0.9235045765330584,0.616905401555735,0
rails/rails,Ray Baxter,-0.19047511033079023,-0.2737704622967408,-0.2737704622967408,0.7833872473032667,-0.8324403163346062,0
rails/rails,David Chelimsky,-0.19227966607460517,-0.19455628544299608,-0.19455628544299608,-0.16244531518590064,0.4809884000583541,0
rails/rails,miloops,-0.19227966607460517,0.5878059550878161,0.5878059550878161,0.9759132743673186,0.17517514668924705,0
rails/rails,Jeffrey Hardy,-0.19588877756223505,-0.2542114062834705,-0.2542114062834705,-1.021705771545595,2.0897752158590843,0
rails/rails,Zuhao Wan,-0.19588877756223505,-0.2287846334662191,-0.2287846334662191,-0.5759240310281596,-1.0310882416000093,0
rails/rails,Andreas Scherer,-0.19769333330604996,-0.25127754788147993,-0.25127754788147993,1.88039796527226,-1.092512271122864,0
rails/rails,Karel Minarik,-0.19769333330604996,-0.2356303030708637,-0.2356303030708637,0.9371496447571067,0.022268520004693333,0
rails/rails,Richard Hulse,-0.19769333330604996,-0.2688806982934232,-0.2688806982934232,0.461649121538509,-0.7958472774699268,0
rails/rails,robertomiranda,-0.19769333330604996,-0.18184289903437034,-0.18184289903437034,-0.8175506555984796,-0.24303101176423303,0
rails/rails,Dirkjan Bussink,-0.1994978890498649,-0.29821928231332867,-0.29821928231332867,1.5173119679232763,-1.2140534359234068,0
rails/rails,Nick Sieger,-0.1994978890498649,-0.222916916662238,-0.222916916662238,0.8880490472508384,0.1268200596180634,0
rails/rails,Norman Clarke,-0.1994978890498649,-0.21998305826024747,-0.21998305826024747,-0.30070226079565593,0.5607089490135488,0
rails/rails,Franck Verrot,-0.2013024447936798,-0.2483436894794894,-0.2483436894794894,0.16058493156586415,0.045792616417701645,0
rails/rails,Lauro Caetano,-0.2013024447936798,-0.20922557745294879,-0.20922557745294879,-0.9687288110783057,-0.4913409183459867,0
rails/rails,Sam Ruby,-0.2013024447936798,-0.23954211427351776,-0.23954211427351776,-0.7438997593390773,1.148811359338755,0
rails/rails,Cheah Chu Yeow,-0.20310700053749475,-0.23269644466887313,-0.23269644466887313,0.5146260820057984,0.6731018540979214,0
rails/rails,Brian Cardarella,-0.2049115562813097,-0.23367439746953667,-0.23367439746953667,-0.3058707447436842,0.3659817064836472,0
rails/rails,Yuki Nishijima,-0.2049115562813097,-0.23074053906754616,-0.23074053906754616,-0.9894027468704186,0.227450916495932,0
rails/rails,Jason Noble & Ralph Shnelvar,-0.20671611202512466,-0.2786602263000584,-0.2786602263000584,0.482323057330622,-0.8468161530314446,0
rails/rails,Brian Lopez,-0.20852066776893954,-0.25127754788147993,-0.25127754788147993,0.5417606227329466,0.1359683193342332,0
rails/rails,Rashmi Yadav,-0.20852066776893954,-0.23171849186820967,-0.23171849186820967,-0.6108112976773502,0.3764368604449842,0
rails/rails,Tore Darell,-0.20852066776893954,-0.21802715265892042,-0.21802715265892042,1.3041120050671118,-0.33059292619043035,0
rails/rails,John Firebaugh,-0.21032522351275446,-0.22682872786489208,-0.22682872786489208,0.27170733644847134,-0.23911032902873153,0
rails/rails,Mark J. Titorenko,-0.21032522351275446,-0.26496888709076916,-0.26496888709076916,-0.476430715028616,0.05624777037903867,0
rails/rails,Scott Barron,-0.21032522351275446,-0.25127754788147993,-0.25127754788147993,3.0730256362797754,-0.6860681608758883,0
rails/rails,Javan Makhmali,-0.2121297792565694,-0.23367439746953667,-0.23367439746953667,-1.0811433369479198,-0.1410932606411972,0
rails/rails,Jeff Dean,-0.2121297792565694,-0.16912951262574466,-0.16912951262574466,-0.11592895965364643,1.2625111586682947,0
rails/rails,Manfred Stienstra,-0.2121297792565694,-0.21998305826024747,-0.21998305826024747,1.0043399360814738,-0.00779004763415052,0
rails/rails,Philip Arndt,-0.2121297792565694,-0.26301298148944213,-0.26301298148944213,-0.0655362411603712,-0.06267960593116971,0
rails/rails,Andre Arko,-0.21393433500038436,-0.2483436894794894,-0.2483436894794894,0.050754647670264164,1.1148321089644098,0
rails/rails,Bob Remeika,-0.21393433500038436,-0.2366082558715272,-0.2366082558715272,1.5470307506244387,-1.2140534359234068,0
rails/rails,Erik Michaels-Ober,-0.21393433500038436,-0.12120982539323243,-0.12120982539323243,-0.7361470334170349,0.7658913455047874,0
rails/rails,Erik St. Martin,-0.21573889074419927,-0.2434539254761718,-0.2434539254761718,1.5418622666764104,-1.208825858942738,0
rails/rails,Thiago Pradi,-0.21573889074419927,-0.24052006707418128,-0.24052006707418128,-0.8718197370527762,1.0521011851963877,0
rails/rails,Genadi Samokovarov,-0.2175434464880142,-0.2287846334662191,-0.2287846334662191,-0.8601906481697127,-0.3724135420357783,0
rails/rails,Matt Jankowski,-0.2175434464880142,-0.2806161319013854,-0.2806161319013854,0.8609145065236904,-0.997108991225664,0
rails/rails,Sam Pohlenz,-0.2175434464880142,-0.255189359084134,-0.255189359084134,0.04558616372223598,0.8665222023826561,0
rails/rails,lest,-0.2175434464880142,0.0401523867162476,0.0401523867162476,-1.047548191285736,1.6349760185409254,0
rails/rails,Gosha Arinich,-0.21934800223182915,-0.2473657366788259,-0.2473657366788259,0.1528322056438218,-1.2022913877169026,0
rails/rails,JudeArasu,-0.21934800223182915,-0.27474841509740433,-0.27474841509740433,0.8195666349394645,-1.0010296739611653,0
rails/rails,Karunakar (Ruby),-0.21934800223182915,-0.2434539254761718,-0.2434539254761718,-0.11334471767963242,-0.16069667431870405,0
rails/rails,Stefan Sprenger,-0.21934800223182915,-0.255189359084134,-0.255189359084134,0.9061387410689372,-1.1957569164910669,0
rails/rails,Eileen M. Uchitelle,-0.22115255797564407,-0.2991972351139922,-0.2991972351139922,-1.0811433369479198,-0.6455544392757074,0
rails/rails,Jonathan Roes,-0.22115255797564407,-0.2708366038947502,-0.2708366038947502,0.006822534112024128,-0.6011200349400252,0
rails/rails,Matt Duncan,-0.22115255797564407,-0.2620350286887786,-0.2620350286887786,0.9746211533803115,-0.41031347514562494,0
rails/rails,Paco Guzman,-0.22115255797564407,-0.23171849186820967,-0.23171849186820967,-0.05003078931628646,0.4130298993096636,0
rails/rails,UÄ£is Ozols,-0.22115255797564407,-0.2669247926920962,-0.2669247926920962,-0.05390715227730765,0.2000061373474224,0
rails/rails,Andrew Kaspick,-0.222957113719459,-0.27474841509740433,-0.27474841509740433,0.6606357535375961,0.45223672666467746,0
rails/rails,Diego Carrion,-0.222957113719459,-0.253233453482807,-0.253233453482807,-1.0010318357534822,1.2625111586682947,0
rails/rails,Josh Susser,-0.222957113719459,-0.20629171905095822,-0.20629171905095822,0.19805644018906882,1.0507942909512205,0
rails/rails,Roque Pinel,-0.222957113719459,-0.2356303030708637,-0.2356303030708637,-1.066930006090842,-1.0990467423486998,0
rails/rails,Claudio B.,-0.22476166946327392,-0.2972413295126652,-0.2972413295126652,-1.0720984900388704,0.06931671283070995,0
rails/rails,Clemens Kofler,-0.22476166946327392,-0.24638778387816238,-0.24638778387816238,1.9553409825186694,-0.8873298746316255,0
rails/rails,Jean Boussier,-0.22476166946327392,-0.255189359084134,-0.255189359084134,-1.0772669739868985,0.5881537281620585,0
rails/rails,Ken Collins,-0.22476166946327392,-0.25910117028678803,-0.25910117028678803,0.061091615566320534,0.9658461650153574,0
rails/rails,Rohit Arondekar,-0.22476166946327392,-0.27474841509740433,-0.27474841509740433,-0.7762027840142538,1.0403391369898833,0
rails/rails,Anton Davydov,-0.22656622520708888,-0.26985865109408674,-0.26985865109408674,-0.9842342629223902,-1.0206330876386722,0
rails/rails,Nick Sutterer,-0.22656622520708888,-0.24052006707418128,-0.24052006707418128,-1.082435457934927,1.0063598866155383,0
rails/rails,AvnerCohen,-0.22837078095090377,-0.17304132382839874,-0.17304132382839874,-0.19862470282209832,-0.735730142192239,0
rails/rails,Dmitry Vorotilin,-0.22837078095090377,-0.2542114062834705,-0.2542114062834705,-0.24514105835435235,-0.4861133413653182,0
rails/rails,Fred Wu,-0.22837078095090377,-0.27181455669541377,-0.27181455669541377,-0.4712622310805878,0.5829261511813899,0
rails/rails,Kir Shatrov,-0.22837078095090377,-0.19455628544299608,-0.19455628544299608,-1.064345764116828,0.6469639691945789,0
rails/rails,Subba Rao Pasupuleti,-0.22837078095090377,-0.26105707588811505,-0.26105707588811505,0.40608791909720543,-0.2783171563837454,0
rails/rails,Hrvoje Simic,-0.23017533669471874,-0.26985865109408674,-0.26985865109408674,-0.006098675758046429,-0.33582050317109885,0
rails/rails,Luca Guidi,-0.23017533669471874,-0.2473657366788259,-0.2473657366788259,1.8416343356620481,-0.7553335558697459,0
rails/rails,Mike Perham,-0.23197989243853367,-0.25910117028678803,-0.25910117028678803,-0.8834488259358396,0.9658461650153574,0
rails/rails,Ryan Davis,-0.23197989243853367,-0.19651219104432308,-0.19651219104432308,-0.5061494977297784,0.5175814389230337,0
rails/rails,Thiago Pinto,-0.23197989243853367,-0.27670432069873135,-0.27670432069873135,-1.0372112233896795,0.03533746245636461,0
rails/rails,Tom Stuart,-0.23197989243853367,-0.2688806982934232,-0.2688806982934232,0.5921533412262218,0.4260988417613349,0
rails/rails,eparreno,-0.23197989243853367,-0.257145264685461,-0.257145264685461,0.8195666349394645,-0.5710614673011813,0
rails/rails,Alexey Muranov,-0.2337844481823486,-0.25812321748612455,-0.25812321748612455,0.07401282543639127,-0.631178602578869,0
rails/rails,Andy Lindeman,-0.2337844481823486,-0.2757263678980678,-0.2757263678980678,-0.004806554771039427,-0.15285530884770127,0
rails/rails,Angelo capilleri,-0.2337844481823486,-0.26301298148944213,-0.26301298148944213,-0.7749106630272466,0.03795125094669887,0
rails/rails,Brian Durand,-0.2337844481823486,-0.2356303030708637,-0.2356303030708637,0.2846285463185419,-0.05483824046016694,0
rails/rails,Mauro George,-0.2337844481823486,-0.27181455669541377,-0.27181455669541377,-1.0397954653636938,-0.6050407176755266,0
rails/rails,Pablo Torres,-0.2337844481823486,-0.2757263678980678,-0.2757263678980678,-0.23351196947128897,-0.7710162868117514,0
rails/rails,Rajarshi Das,-0.2337844481823486,-0.2679027454927597,-0.2679027454927597,-1.0501324332597504,-0.18944834771238087,0
rails/rails,Rajinder Yadav,-0.2337844481823486,-0.28550589590470293,-0.28550589590470293,0.5650188004990737,-0.546230476643006,0
rails/rails,Stephen St. Martin,-0.2337844481823486,-0.2620350286887786,-0.2620350286887786,1.5418622666764104,-1.208825858942738,0
rails/rails,aditya-kapoor,-0.2337844481823486,-0.26985865109408674,-0.26985865109408674,-0.30070226079565593,-0.8886367688767927,0
rails/rails,Andrey Nering,-0.23558900392616353,-0.27474841509740433,-0.27474841509740433,-1.0010318357534822,-0.9592090581158174,0
rails/rails,Harshad Sabne,-0.23558900392616353,-0.2786602263000584,-0.2786602263000584,-0.6276088705084419,-0.7448784019084089,0
rails/rails,Teng Siong Ong,-0.23558900392616353,-0.27474841509740433,-0.27474841509740433,-0.16115319419889365,0.46922635185185,0
rails/rails,Viktar Basharymau,-0.23558900392616353,-0.2757263678980678,-0.2757263678980678,-0.5358682804309408,-0.6377130738047047,0
rails/rails,Will Bryant,-0.23558900392616353,-0.2688806982934232,-0.2688806982934232,-0.8188427765854867,1.8127136358836544,0
rails/rails,Wojciech WnÄtrzak,-0.23558900392616353,-0.2620350286887786,-0.2620350286887786,-0.8433930753386207,0.7057742102270997,0
rails/rails,Alexey Gaziev,-0.2373935596699785,-0.18086494623370683,-0.18086494623370683,-0.9183360925850302,0.6182122958009023,0
rails/rails,Anupam Choudhury,-0.2373935596699785,-0.2708366038947502,-0.2708366038947502,-0.16502955715991482,-0.9657435293416531,0
rails/rails,Chad Woolley,-0.2373935596699785,-0.27181455669541377,-0.27181455669541377,1.5341095407543681,-0.5200925917396635,0
rails/rails,George Ogata,-0.2373935596699785,-0.27181455669541377,-0.27181455669541377,-0.4996888927947431,1.6258277588247554,0
rails/rails,Lucas Mazza,-0.2373935596699785,-0.2669247926920962,-0.2669247926920962,-1.069514248064856,0.8129395383308037,0
rails/rails,Mohammad Typaldos,-0.2373935596699785,-0.2796381791007219,-0.2796381791007219,0.8725435954067537,-1.164391454607056,0
rails/rails,Chris Kampmeier,-0.23919811541379338,-0.2708366038947502,-0.2708366038947502,1.8765216023112385,-0.735730142192239,0
rails/rails,Dmitry Polushkin,-0.23919811541379338,-0.2688806982934232,-0.2688806982934232,-1.0501324332597504,1.5918485084504101,0
rails/rails,Evan Farrar,-0.23919811541379338,-0.20042400224697715,-0.20042400224697715,0.3440661117208665,0.7894154419177956,0
rails/rails,Marcelo Silveira,-0.23919811541379338,-0.2620350286887786,-0.2620350286887786,0.461649121538509,-1.0872846941421956,0
rails/rails,Rafael Magana,-0.23919811541379338,-0.27670432069873135,-0.27670432069873135,0.4448515487074171,-1.1892224452652314,0
rails/rails,Sam Umbach,-0.23919811541379338,-0.29137361270868406,-0.29137361270868406,0.639961817745483,-0.9958020969804969,0
rails/rails,Takehiro Adachi,-0.23919811541379338,-0.26985865109408674,-0.26985865109408674,-0.8123821716504515,-0.1829138764865453,0
rails/rails,Anil Wadghule,-0.24100267115760834,-0.26105707588811505,-0.26105707588811505,0.5133339610187913,-0.26655510817724115,0
rails/rails,Ankit Gupta,-0.24100267115760834,-0.2727925094960773,-0.2727925094960773,-0.9570997221952421,-0.3201377722290933,0
rails/rails,Erich Menge,-0.24100267115760834,-0.26594683989143264,-0.26594683989143264,0.3440661117208665,-1.0101779336773353,0
rails/rails,Jay Pignata,-0.24100267115760834,-0.2806161319013854,-0.2806161319013854,1.7033773900522928,-1.1487087236650504,0
rails/rails,Jeff Kreeftmeijer,-0.24100267115760834,-0.2796381791007219,-0.2796381791007219,1.0224296298995728,-0.8245989508636035,0
rails/rails,Ryan Bates,-0.24100267115760834,-0.2483436894794894,-0.2483436894794894,0.8996781361339018,0.2470543301734388,0
rails/rails,Ryunosuke SATO,-0.24100267115760834,-0.26985865109408674,-0.26985865109408674,-0.696091282819816,-0.34758255137760297,0
rails/rails,Tom Kadwill,-0.24100267115760834,-0.2786602263000584,-0.2786602263000584,-0.6146876606383713,-1.0663743862195216,0
rails/rails,Dmitriy Kiriyenko,-0.24280722690142326,-0.2757263678980678,-0.2757263678980678,-0.2658149941464655,-0.028700355556824573,0
rails/rails,Jan De Poorter,-0.24280722690142326,-0.26594683989143264,-0.26594683989143264,1.3609653284954224,-0.24825858874490153,0
rails/rails,Jorge Bejar,-0.24280722690142326,-0.26496888709076916,-0.26496888709076916,-0.9868185048964044,0.7227638354142721,0
rails/rails,Josef Simanek,-0.24280722690142326,-0.24443187827683535,-0.24443187827683535,-0.9260888185070726,0.4757608230776856,0
rails/rails,Lawrence Pit,-0.24280722690142326,-0.2542114062834705,-0.2542114062834705,0.7846793682902736,0.3607541295029787,0
rails/rails,Santiago Pastorino and JosÃ© Ignacio Costa,-0.24280722690142326,-0.2825720375027125,-0.2825720375027125,0.8945096521858739,-0.5619132075850114,0
rails/rails,Yaroslav Markin,-0.24280722690142326,-0.257145264685461,-0.257145264685461,2.0186549108820153,-0.8677264609541185,0
rails/rails,mhutchin,-0.24280722690142326,-0.2776822734993949,-0.2776822734993949,0.7381630127580194,-0.6154958716368635,0
rails/rails,Alvaro Pereyra,-0.2446117826452382,-0.2669247926920962,-0.2669247926920962,0.20451704512410418,-0.9696642120771544,0
rails/rails,Andrey Deryabin,-0.2446117826452382,-0.2737704622967408,-0.2737704622967408,-0.7141809766379149,0.0026651063271865066,0
rails/rails,Angelo Capilleri,-0.2446117826452382,-0.2796381791007219,-0.2796381791007219,-0.9364257864031291,0.2052337143280909,0
rails/rails,Cody Fauser,-0.2446117826452382,-0.27181455669541377,-0.27181455669541377,2.0276997577910647,-0.8559644127476145,0
rails/rails,Gabe da Silveira,-0.2446117826452382,-0.2757263678980678,-0.2757263678980678,1.6180974049098267,-0.49918228381698937,0
rails/rails,Gaurav Sharma,-0.2446117826452382,-0.2688806982934232,-0.2688806982934232,-1.0837275789219338,2.2635921504663123,0
rails/rails,Jakub KuÅºma,-0.2446117826452382,-0.27474841509740433,-0.27474841509740433,0.3905824672531207,0.6404294979687436,0
rails/rails,Jose and Yehuda,-0.2446117826452382,-0.2043358134496312,-0.2043358134496312,0.48878366226565717,-0.9618228466061516,0
rails/rails,Josiah Ivey,-0.2446117826452382,-0.2786602263000584,-0.2786602263000584,0.9940029681854172,-0.4403720427844688,0
rails/rails,Krekoten' Marjan,-0.2446117826452382,-0.2796381791007219,-0.2796381791007219,1.098664768132989,-1.0337020300903434,0
rails/rails,Lachlan Sylvester,-0.2446117826452382,-0.26594683989143264,-0.26594683989143264,-1.065637885103835,0.7149224699432696,0
rails/rails,Lars Kanis,-0.2446117826452382,-0.2757263678980678,-0.2757263678980678,-0.8860330679098538,1.9237996467228595,0
rails/rails,Mark Rushakoff,-0.2446117826452382,-0.2669247926920962,-0.2669247926920962,0.4358067017983677,-0.9775055775481571,0
rails/rails,Murray Steele,-0.2446117826452382,-0.2639909342901056,-0.2639909342901056,-0.16244531518590064,1.042952925480218,0
rails/rails,Nihad Abbasov,-0.2446117826452382,-0.2708366038947502,-0.2708366038947502,-0.7322706704560137,-0.16200356856387127,0
rails/rails,Semyon Perepelitsa,-0.2446117826452382,-0.28159408470204894,-0.28159408470204894,-0.280028325003543,0.045792616417701645,0
rails/rails,Aditya Chadha,-0.2464163383890531,-0.2864838487053665,-0.2864838487053665,1.8959034171163447,-1.049384761032349,0
rails/rails,Arturo Pie,-0.2464163383890531,-0.2884397543066935,-0.2884397543066935,0.26783097348745016,-1.2127465416782397,0
rails/rails,Christos Zisopoulos,-0.2464163383890531,-0.2708366038947502,-0.2708366038947502,0.32468429691576073,0.5620158432587159,0
rails/rails,Florian Weber,-0.2464163383890531,-0.27181455669541377,-0.27181455669541377,3.3495395274992856,-0.9905745199998285,0
rails/rails,Joseph Pecoraro,-0.2464163383890531,-0.2737704622967408,-0.2737704622967408,1.8571397875061328,-1.2101327531879054,0
rails/rails,Marcelo Giorgi,-0.2464163383890531,-0.2786602263000584,-0.2786602263000584,1.1748999063664058,-1.1330259927230448,0
rails/rails,Rodrigo Rosenfeld Rosas,-0.2464163383890531,-0.28354999030337596,-0.28354999030337596,0.5004127511487207,0.2875680517736197,0
rails/rails,Santosh Wadghule,-0.2464163383890531,-0.2806161319013854,-0.2806161319013854,-0.9738972950263338,-0.7069784687985623,0
rails/rails,Sunny Ripert,-0.2464163383890531,-0.2522555006821435,-0.2522555006821435,-0.025480490563152353,1.202394023390607,0
rails/rails,T.J. Schuck,-0.2464163383890531,-0.26594683989143264,-0.26594683989143264,-0.8576064061956985,-0.5266270629654991,0
rails/rails,Tom Lea,-0.2464163383890531,-0.27670432069873135,-0.27670432069873135,1.9695543133757472,-0.9448332214189791,0
rails/rails,Chris Eppstein,-0.24822089413286805,-0.2776822734993949,-0.2776822734993949,0.8802963213287961,-0.9095470767994667,0
rails/rails,Christopher Meiklejohn,-0.24822089413286805,-0.2825720375027125,-0.2825720375027125,0.7174890769659067,-0.9840400487739926,0
rails/rails,Dan Gebhardt,-0.24822089413286805,-0.2796381791007219,-0.2796381791007219,0.8195666349394645,-1.1761535028135601,0
rails/rails,David Lee,-0.24822089413286805,-0.21998305826024747,-0.21998305826024747,0.570187284447102,-0.8337472105797734,0
rails/rails,Henrik N,-0.24822089413286805,-0.24932164228015294,-0.24932164228015294,-0.9506391172602068,2.1146062065172604,0
rails/rails,Iain Hecker,-0.24822089413286805,-0.26496888709076916,-0.26496888709076916,1.006924178055488,0.026189202740194817,0
rails/rails,Jonathan del Strother,-0.24822089413286805,-0.2776822734993949,-0.2776822734993949,-0.7839555099362961,1.9211858582325259,0
rails/rails,Kassio Borges,-0.24822089413286805,-0.23856416147285425,-0.23856416147285425,-0.9674366900912985,-0.35150323411310436,0
rails/rails,Ronak Jangir,-0.24822089413286805,-0.24932164228015294,-0.24932164228015294,-1.082435457934927,-1.0885915883873627,0
rails/rails,Sammy Larbi,-0.24822089413286805,-0.2620350286887786,-0.2620350286887786,-1.0294584974676375,-0.0025624706534820066,0
rails/rails,Anuj Dutta,-0.250025449876683,-0.2845279431040395,-0.2845279431040395,-0.013851401680088799,0.3529127640319759,0
rails/rails,Benjamin Fleischer,-0.250025449876683,-0.26496888709076916,-0.26496888709076916,-0.7180573395989361,-0.6769199011597185,0
rails/rails,Egor Homakov,-0.250025449876683,-0.28550589590470293,-0.28550589590470293,0.12440554392966649,-0.7893128062440911,0
rails/rails,Francis Go,-0.250025449876683,-0.28550589590470293,-0.28550589590470293,-0.7271021865079855,-0.6599302759725457,0
rails/rails,James Mead,-0.250025449876683,-0.29137361270868406,-0.29137361270868406,0.22906734387723832,0.7933361246532968,0
rails/rails,Jeroen van Dijk,-0.250025449876683,-0.25029959508081645,-0.25029959508081645,1.3170332149371822,-1.038929607071012,0
rails/rails,Josep M. Bach,-0.250025449876683,-0.27670432069873135,-0.27670432069873135,1.0340587187826362,-0.9552883753803161,0
rails/rails,Kristian Freeman,-0.250025449876683,-0.2796381791007219,-0.2796381791007219,-0.27356772006850766,-0.27570336789341116,0
rails/rails,Mark Thomson,-0.250025449876683,-0.28941770710735704,-0.28941770710735704,0.5378842597719256,-1.2009844934717353,0
rails/rails,Matthew Rudy Jacobs,-0.250025449876683,-0.26985865109408674,-0.26985865109408674,-0.9480548752861926,2.01005466690389,0
rails/rails,Michael S. Klishin,-0.250025449876683,-0.2708366038947502,-0.2708366038947502,0.8247351188874925,0.19347166612158664,0
rails/rails,Mike Dalessio,-0.250025449876683,-0.26301298148944213,-0.26301298148944213,1.2472586816388012,-1.1735397143232258,0
rails/rails,Peter Suschlik,-0.250025449876683,-0.2757263678980678,-0.2757263678980678,-0.8653591321177408,0.6208260842912363,0
rails/rails,R.T. Lechow,-0.250025449876683,-0.22976258626688265,-0.22976258626688265,0.8945096521858739,-1.0781364344260258,0
rails/rails,Tamir Duberstein,-0.250025449876683,-0.25029959508081645,-0.25029959508081645,-0.8692354950787621,-0.3697997535454441,0
rails/rails,Terence Lee,-0.250025449876683,-0.2786602263000584,-0.2786602263000584,-0.04615442635526528,-0.307068829777422,0
rails/rails,thoefer,-0.250025449876683,-0.28550589590470293,-0.28550589590470293,0.8195666349394645,-1.1277984157423764,0
rails/rails,Agis-,-0.2518300056204979,-0.25910117028678803,-0.25910117028678803,-1.082435457934927,-0.07705544262800823,0
rails/rails,Aleksey Magusev,-0.2518300056204979,-0.2639909342901056,-0.2639909342901056,0.3169315709937184,-1.122570838761708,0
rails/rails,Dalibor Nasevic,-0.2518300056204979,-0.28354999030337596,-0.28354999030337596,0.07788918839741246,-0.24825858874490153,0
rails/rails,Eugene Gilburg,-0.2518300056204979,-0.2669247926920962,-0.2669247926920962,-0.8330561074425643,-0.4808857643846497,0
rails/rails,Eugene Pimenov,-0.2518300056204979,-0.27670432069873135,-0.27670432069873135,1.469503491404015,-0.29399988732575094,0
rails/rails,Federico Ravasio,-0.2518300056204979,-0.2845279431040395,-0.2845279431040395,-0.2580622682244231,-1.0781364344260258,0
rails/rails,Gaston Ramos,-0.2518300056204979,-0.2825720375027125,-0.2825720375027125,0.8454090546796056,-0.8219851623732692,0
rails/rails,George Claghorn,-0.2518300056204979,-0.26105707588811505,-0.26105707588811505,-0.977773657987355,-0.028700355556824573,0
rails/rails,Hugo Peixoto,-0.2518300056204979,-0.28550589590470293,-0.28550589590470293,1.006924178055488,-0.44298583127480307,0
rails/rails,Jo Liss,-0.2518300056204979,-0.2864838487053665,-0.2864838487053665,0.2962576352016055,-0.5213994859848305,0
rails/rails,Manuel Menezes de Sequeira,-0.2518300056204979,-0.2884397543066935,-0.2884397543066935,0.7497921016410831,-1.206212070452404,0
rails/rails,Mike Breen,-0.2518300056204979,-0.28550589590470293,-0.28550589590470293,1.619389525896834,-0.9448332214189791,0
rails/rails,Nicholas Rowe,-0.2518300056204979,-0.28159408470204894,-0.28159408470204894,1.0431035656916856,-1.208825858942738,0
rails/rails,Olek Janiszewski,-0.2518300056204979,-0.25910117028678803,-0.25910117028678803,0.006822534112024128,-0.34627565713243585,0
rails/rails,Rahul P. Chaudhari,-0.2518300056204979,-0.2757263678980678,-0.2757263678980678,-0.5229470705608701,0.0667029243403757,0
rails/rails,Rolf Timmermans,-0.2518300056204979,-0.28354999030337596,-0.28354999030337596,0.9978793311464387,-1.0441571840516803,0
rails/rails,Sushruth Sivaramakrishnan,-0.2518300056204979,-0.2864838487053665,-0.2864838487053665,-0.8627748901437267,-1.2101327531879054,0
rails/rails,Tekin Suleyman,-0.2518300056204979,-0.2845279431040395,-0.2845279431040395,-0.8136742926374584,1.968234051058542,0
rails/rails,Victor Costan,-0.2518300056204979,-0.2679027454927597,-0.2679027454927597,-1.020413650558588,0.2941025229994552,0
rails/rails,Waseem Ahmad,-0.2518300056204979,-0.2864838487053665,-0.2864838487053665,-0.8511458012606631,0.44047467845817323,0
rails/rails,Wincent Colaiuta,-0.2518300056204979,-0.28159408470204894,-0.28159408470204894,1.2162477779506315,-1.0637605977291873,0
rails/rails,athonlab,-0.2518300056204979,-0.2884397543066935,-0.2884397543066935,2.0793845972713467,-1.113422579045538,0
rails/rails,dmathieu,-0.2518300056204979,-0.18771061583835147,-0.18771061583835147,-0.46350950515854544,0.8312360577631437,0
rails/rails,Adam Roben,-0.25363456136431284,-0.2943074711106746,-0.2943074711106746,-0.24384893736734534,-1.2140534359234068,0
rails/rails,Alex Johnson,-0.25363456136431284,-0.28354999030337596,-0.28354999030337596,-0.8149664136244656,-0.6181096601271978,0
rails/rails,Cesar Carruitero,-0.25363456136431284,-0.28746180150603,-0.28746180150603,-0.07070472510839938,-0.8742609321799544,0
rails/rails,Colin Curtin,-0.25363456136431284,-0.28746180150603,-0.28746180150603,1.9889361281808529,-1.0846709056518613,0
rails/rails,Dan Pickett,-0.25363456136431284,-0.2845279431040395,-0.2845279431040395,-0.0952550238615335,0.9802220017121958,0
rails/rails,Dylan Smith,-0.25363456136431284,-0.28159408470204894,-0.28159408470204894,-0.4583410212105172,-0.3253653492097618,0
rails/rails,Hemant Kumar,-0.25363456136431284,-0.28550589590470293,-0.28550589590470293,0.4706939684475584,-0.4351444658038003,0
rails/rails,Jeff Dutil,-0.25363456136431284,-0.2796381791007219,-0.2796381791007219,0.6050745510962925,-1.0010296739611653,0
rails/rails,Kent Sibilev,-0.25363456136431284,-0.25910117028678803,-0.25910117028678803,2.967071715345197,-1.0127917221676694,0
rails/rails,Matt Bridges,-0.25363456136431284,-0.27181455669541377,-0.27181455669541377,-0.07974957201744876,-0.5213994859848305,0
rails/rails,Matthew Bergman,-0.25363456136431284,-0.21900510545958396,-0.21900510545958396,2.1827542762319116,-1.2075189646975713,0
rails/rails,Mike Moore,-0.25363456136431284,-0.2434539254761718,-0.2434539254761718,-0.26193863118544425,-0.6533958047467101,0
rails/rails,Myron Marston,-0.25363456136431284,-0.2727925094960773,-0.2727925094960773,-0.3562634632369595,0.5188883331682007,0
rails/rails,Nikita Afanasenko,-0.25363456136431284,-0.2542114062834705,-0.2542114062834705,0.22519098091621711,-1.1918362337555657,0
rails/rails,Sam,-0.25363456136431284,0.35309728292857256,0.35309728292857256,-1.082435457934927,3.7260068108083253,0
rails/rails,Stefan Penner,-0.25363456136431284,-0.2786602263000584,-0.2786602263000584,1.4979301531181706,-1.131719098477878,0
rails/rails,Tim Wade,-0.25363456136431284,-0.28746180150603,-0.28746180150603,-1.0320427394416514,-1.1055812135745353,0
rails/rails,Washington Luiz,-0.25363456136431284,-0.2845279431040395,-0.2845279431040395,-0.9687288110783057,-0.5436166881526716,0
rails/rails,Willem van Bergen,-0.25363456136431284,-0.26985865109408674,-0.26985865109408674,0.7769266423682313,-0.40116521542945505,0
rails/rails,Benjamin Quorning,-0.2554391171081278,-0.2796381791007219,-0.2796381791007219,-1.0785590949739057,1.223304331313281,0
rails/rails,Dieter Komendera,-0.2554391171081278,-0.2796381791007219,-0.2796381791007219,-0.7878318728973174,0.4639987748711815,0
rails/rails,Douwe Maan,-0.2554391171081278,-0.2639909342901056,-0.2639909342901056,-0.5772161520151666,-1.1212639445165409,0
rails/rails,Gabriel Horner,-0.2554391171081278,-0.2776822734993949,-0.2776822734993949,0.8454090546796056,-0.9827331545288257,0
rails/rails,Grant Hutchins,-0.2554391171081278,-0.2561673118847975,-0.2561673118847975,0.24198855374730885,-0.5828235155076854,0
rails/rails,Jack Danger Canty,-0.2554391171081278,-0.28550589590470293,-0.28550589590470293,-0.7038440087418585,1.8872066078581804,0
rails/rails,Jay Hayes,-0.2554391171081278,-0.28354999030337596,-0.28354999030337596,-0.9415942703511574,0.07977186679204679,0
rails/rails,Jeremy Walker,-0.2554391171081278,-0.2845279431040395,-0.2845279431040395,-0.03710957944621591,-0.55799252484951,0
rails/rails,Juanjo BazÃ¡n,-0.2554391171081278,-0.28746180150603,-0.28746180150603,-0.5216549495738632,-0.1450139433766987,0
rails/rails,Mark Turner,-0.2554391171081278,-0.2903956599080205,-0.2903956599080205,0.35181883764290883,-0.26132753119657265,0
rails/rails,Melanie Gilman,-0.2554391171081278,-0.2639909342901056,-0.2639909342901056,-0.8576064061956985,-1.0428502898065133,0
rails/rails,Pavel Pravosud,-0.2554391171081278,-0.27670432069873135,-0.27670432069873135,-0.6909227988717879,-0.32667224345492896,0
rails/rails,Tony Miller,-0.2554391171081278,-0.28550589590470293,-0.28550589590470293,-1.0255821345066163,-0.2992274643064192,0
rails/rails,heavysixer,-0.2554391171081278,-0.28941770710735704,-0.28941770710735704,2.053542177531206,-1.1147294732907052,0
rails/rails,rspeicher,-0.2554391171081278,-0.28941770710735704,-0.28941770710735704,1.248550802625808,-1.092512271122864,0
rails/rails,Aditya,-0.2572436728519427,-0.12120982539323243,-0.12120982539323243,-1.082435457934927,2.0976165813300875,0
rails/rails,"Aldo ""xoen"" Giambelluca",-0.2572436728519427,-0.28941770710735704,-0.28941770710735704,0.3169315709937184,-1.206212070452404,0
rails/rails,Alex Tambellini,-0.2572436728519427,-0.28746180150603,-0.28746180150603,-0.11463683866663943,-0.37764111901644687,0
rails/rails,Alexander Uvarov,-0.2572436728519427,-0.28550589590470293,-0.28550589590470293,0.6955230201867866,-0.8729540379347871,0
rails/rails,Ari Pollak,-0.2572436728519427,-0.28354999030337596,-0.28354999030337596,-0.7426076383520702,-0.11495537573785465,0
rails/rails,Attila Domokos,-0.2572436728519427,-0.2884397543066935,-0.2884397543066935,-0.6082270557033361,-0.4442927255199702,0
rails/rails,Bratish Goswami,-0.2572436728519427,-0.2923515655093476,-0.2923515655093476,0.8195666349394645,-1.1277984157423764,0
rails/rails,Brian Morearty,-0.2572436728519427,-0.28746180150603,-0.28746180150603,-0.8149664136244656,0.6874776907947597,0
rails/rails,Brooks Reese,-0.2572436728519427,-0.28941770710735704,-0.28941770710735704,-1.0682221270778491,-0.8860229803864583,0
rails/rails,Carson McDonald,-0.2572436728519427,-0.28941770710735704,-0.28941770710735704,0.03266495385216524,-1.134332886968212,0
rails/rails,David Dollar,-0.2572436728519427,-0.26985865109408674,-0.26985865109408674,1.8997797800773657,-0.7135129400243979,0
rails/rails,Elliot Winkler,-0.2572436728519427,-0.2884397543066935,-0.2884397543066935,0.482323057330622,0.13727521357940042,0
rails/rails,Evan Phoenix,-0.2572436728519427,-0.2884397543066935,-0.2884397543066935,-0.8421009543516137,1.1318217341515822,0
rails/rails,Evgeniy Dolzhenko,-0.2572436728519427,-0.24932164228015294,-0.24932164228015294,0.7433314967060478,-0.5775959385270169,0
rails/rails,Florent Guilleux,-0.2572436728519427,-0.2366082558715272,-0.2366082558715272,0.19288795624104063,-0.5802097270173512,0
rails/rails,Jatinder Singh,-0.2572436728519427,-0.28941770710735704,-0.28941770710735704,1.4216950148847538,-0.8638057782186173,0
rails/rails,Jiri Pospisil,-0.2572436728519427,-0.2825720375027125,-0.2825720375027125,-0.519070707599849,-0.5213994859848305,0
rails/rails,Joe Van Dyk,-0.2572436728519427,-0.2903956599080205,-0.2903956599080205,-0.8808645839618255,1.5735519890180707,0
rails/rails,Jonathan Viney,-0.2572436728519427,-0.2806161319013854,-0.2806161319013854,0.6102430350443209,0.5515606892973788,0
rails/rails,Marcin Raczkowski,-0.2572436728519427,-0.2679027454927597,-0.2679027454927597,1.164562938470349,-1.2140534359234068,0
rails/rails,Max Lapshin,-0.2572436728519427,-0.2864838487053665,-0.2864838487053665,1.7666913184156388,-0.9722780005674887,0
rails/rails,Michael Lavrisha,-0.2572436728519427,-0.2943074711106746,-0.2943074711106746,0.8454090546796056,-1.2140534359234068,0
rails/rails,Michael de Silva,-0.2572436728519427,-0.28746180150603,-0.28746180150603,0.13086614886470185,-0.7932334889795926,0
rails/rails,Mike Gehard,-0.2572436728519427,-0.28746180150603,-0.28746180150603,-0.48418344095065835,0.34115071582547185,0
rails/rails,Nick,-0.2572436728519427,1.5833619061632749,1.5833619061632749,-1.082435457934927,2.43740908507354,0
rails/rails,Paul McMahon,-0.2572436728519427,-0.2884397543066935,-0.2884397543066935,0.4784466943696008,-0.9683573178319872,0
rails/rails,Rishi Jain,-0.2572436728519427,-0.28354999030337596,-0.28354999030337596,-0.7219337025599573,-1.183994868284563,0
rails/rails,Sergio,-0.2572436728519427,-0.26985865109408674,-0.26985865109408674,-0.7865397519103102,1.6885586825927774,0
rails/rails,Steven Harman,-0.2572436728519427,-0.2884397543066935,-0.2884397543066935,-0.6405300803785126,-0.9709711063223214,0
rails/rails,Szymon Nowak,-0.2572436728519427,-0.26594683989143264,-0.26594683989143264,-0.21154591269216885,0.8207809038018067,0
rails/rails,Tim Connor,-0.2572436728519427,-0.2923515655093476,-0.2923515655093476,1.2343374717687303,-0.547537370888173,0
rails/rails,Tim Pope,-0.2572436728519427,-0.2796381791007219,-0.2796381791007219,-0.761989453157176,1.936868589174531,0
rails/rails,Weston Platter,-0.2572436728519427,-0.28941770710735704,-0.28941770710735704,-0.1766586460429782,-0.6560095932370443,0
rails/rails,Yehuda Katz and Carl Lerche,-0.2572436728519427,-0.22682872786489208,-0.22682872786489208,1.9269143208045143,-1.1931431280007327,0
rails/rails,dharmatech,-0.2572436728519427,-0.2923515655093476,-0.2923515655093476,0.7808030053292526,-1.183994868284563,0
rails/rails,ganesh,-0.2572436728519427,-0.28550589590470293,-0.28550589590470293,0.4280539758763254,-0.6769199011597185,0
facebook/osquery,Teddy Reed,2.0703511192318342,2.0118126024264416,2.0118126024264416,-0.6302965500852903,0.8524821699135328,0
facebook/osquery,mike@arpaia.co,0.39376663188956135,0.690327853773779,0.690327853773779,-0.47935711309118134,0.8524821699135328,0
facebook/osquery,Mike Arpaia,-0.03076301811637199,-0.5223115507388909,-0.5223115507388909,-0.47935711309118134,0.8198735623212119,0
facebook/osquery,Javier Marcos,-0.37838512283137526,-0.4426864332136614,-0.4426864332136614,-0.5025785649364288,0.6307436382857505,0
facebook/osquery,Mitchell Grenier,-0.6275655695739885,-0.5537232943497612,-0.5537232943497612,0.3914473311056014,-0.7388178805917281,0
facebook/osquery,Michael O'Farrell,-0.6829390021834579,-0.5770994756415717,-0.5770994756415717,-0.43291420940068626,-1.1366428932180435,0
facebook/osquery,Sean Williams,-0.7444650384162018,-0.6063197022563348,-0.6063197022563348,2.133056219499167,-1.2801207666242553,0
